insert into PERSON (id, BirthDate, FIRSTNAME, LASTNAME, login, password, Pesel) values (1, '1974-08-17', 'Osmund', 'Inder', 'Osmund Inder', '$2a$12$Yv17VjvGgKVZ5PzdRtoZVebu/nnMaDld0PwMwoD.B7386OItBXPfC', '27260677439');
insert into PERSON (id, BirthDate, FIRSTNAME, LASTNAME, login, password, Pesel) values (2, '1978-10-29', 'Gabbie', 'Mateuszczyk', 'Gabbie Mateuszczyk', '$2a$12$Yv17VjvGgKVZ5PzdRtoZVebu/nnMaDld0PwMwoD.B7386OItBXPfC', '72846906860');
insert into PERSON (id, BirthDate, FIRSTNAME, LASTNAME, login, password, Pesel) values (3, '1980-09-05', 'Eve', 'Sutliff', 'Eve Sutliff', '$2a$12$Yv17VjvGgKVZ5PzdRtoZVebu/nnMaDld0PwMwoD.B7386OItBXPfC', '57518376631');
insert into PERSON (id, BirthDate, FIRSTNAME, LASTNAME, login, password, Pesel) values (4, '1986-01-30', 'Quinta', 'Ionnidis', 'Quinta Ionnidis', '$2a$12$Yv17VjvGgKVZ5PzdRtoZVebu/nnMaDld0PwMwoD.B7386OItBXPfC', '23581099425');
insert into PERSON (id, BirthDate, FIRSTNAME, LASTNAME, login, password, Pesel) values (5, '1977-12-19', 'Stephanie', 'Hearsum', 'Stephanie Hearsum', '$2a$12$Yv17VjvGgKVZ5PzdRtoZVebu/nnMaDld0PwMwoD.B7386OItBXPfC', '29212144390');
insert into PERSON (id, BirthDate, FIRSTNAME, LASTNAME, login, password, Pesel) values (6, '1970-01-29', 'Adriana', 'Kemet', 'Adriana Kemet', '$2a$12$Yv17VjvGgKVZ5PzdRtoZVebu/nnMaDld0PwMwoD.B7386OItBXPfC', '17907472117');
insert into PERSON (id, BirthDate, FIRSTNAME, LASTNAME, login, password, Pesel) values (7, '1982-02-17', 'Bert', 'O''Dunniom', 'Bert O''Dunniom', '$2a$12$Yv17VjvGgKVZ5PzdRtoZVebu/nnMaDld0PwMwoD.B7386OItBXPfC', '23756085033');
insert into PERSON (id, BirthDate, FIRSTNAME, LASTNAME, login, password, Pesel) values (8, '1974-03-20', 'Georas', 'Faldoe', 'Georas Faldoe', '$2a$12$Yv17VjvGgKVZ5PzdRtoZVebu/nnMaDld0PwMwoD.B7386OItBXPfC', '87693256433');
insert into PERSON (id, BirthDate, FIRSTNAME, LASTNAME, login, password, Pesel) values (9, '1984-05-02', 'Dianna', 'Griffin', 'Dianna Griffin', '$2a$12$Yv17VjvGgKVZ5PzdRtoZVebu/nnMaDld0PwMwoD.B7386OItBXPfC', '70903980589');
insert into PERSON (id, BirthDate, FIRSTNAME, LASTNAME, login, password, Pesel) values (10, '1993-09-27', 'Melly', 'Worsall', 'Melly Worsall', '$2a$12$Yv17VjvGgKVZ5PzdRtoZVebu/nnMaDld0PwMwoD.B7386OItBXPfC', '78627444598');
insert into PERSON (id, BirthDate, FIRSTNAME, LASTNAME, login, password, Pesel) values (11, '1990-10-25', 'Adeline', 'Castiglione', 'Adeline Castiglione', '$2a$12$Yv17VjvGgKVZ5PzdRtoZVebu/nnMaDld0PwMwoD.B7386OItBXPfC', '65319361204');
insert into PERSON (id, BirthDate, FIRSTNAME, LASTNAME, login, password, Pesel) values (12, '1992-08-26', 'Caralie', 'Pinkney', 'Caralie Pinkney', '$2a$12$Yv17VjvGgKVZ5PzdRtoZVebu/nnMaDld0PwMwoD.B7386OItBXPfC', '33154527700');
insert into PERSON (id, BirthDate, FIRSTNAME, LASTNAME, login, password, Pesel) values (13, '1992-12-15', 'Elisabeth', 'Di Napoli', 'Elisabeth Di Napoli', '$2a$12$Yv17VjvGgKVZ5PzdRtoZVebu/nnMaDld0PwMwoD.B7386OItBXPfC', '88537745874');
insert into PERSON (id, BirthDate, FIRSTNAME, LASTNAME, login, password, Pesel) values (14, '1970-04-25', 'Chandal', 'Pennaman', 'Chandal Pennaman', '$2a$12$Yv17VjvGgKVZ5PzdRtoZVebu/nnMaDld0PwMwoD.B7386OItBXPfC', '72332066708');
insert into PERSON (id, BirthDate, FIRSTNAME, LASTNAME, login, password, Pesel) values (15, '1988-04-25', 'Kellsie', 'Dornan', 'Kellsie Dornan', '$2a$12$Yv17VjvGgKVZ5PzdRtoZVebu/nnMaDld0PwMwoD.B7386OItBXPfC', '59747361937');
insert into PERSON (id, BirthDate, FIRSTNAME, LASTNAME, login, password, Pesel) values (16, '1971-12-19', 'Trisha', 'Lewknor', 'Trisha Lewknor', '$2a$12$Yv17VjvGgKVZ5PzdRtoZVebu/nnMaDld0PwMwoD.B7386OItBXPfC', '80838261028');
insert into PERSON (id, BirthDate, FIRSTNAME, LASTNAME, login, password, Pesel) values (17, '1993-08-20', 'Ronda', 'Meadmore', 'Ronda Meadmore', '$2a$12$Yv17VjvGgKVZ5PzdRtoZVebu/nnMaDld0PwMwoD.B7386OItBXPfC', '23217722060');
insert into PERSON (id, BirthDate, FIRSTNAME, LASTNAME, login, password, Pesel) values (18, '1986-12-15', 'Fayth', 'Shortan', 'Fayth Shortan', '$2a$12$Yv17VjvGgKVZ5PzdRtoZVebu/nnMaDld0PwMwoD.B7386OItBXPfC', '69645524045');
insert into PERSON (id, BirthDate, FIRSTNAME, LASTNAME, login, password, Pesel) values (19, '1969-12-25', 'Cathrine', 'Staden', 'Cathrine Staden', '$2a$12$Yv17VjvGgKVZ5PzdRtoZVebu/nnMaDld0PwMwoD.B7386OItBXPfC', '12244392546');
insert into PERSON (id, BirthDate, FIRSTNAME, LASTNAME, login, password, Pesel) values (20, '1978-10-30', 'Ursola', 'Surgeon', 'Ursola Surgeon', '$2a$12$Yv17VjvGgKVZ5PzdRtoZVebu/nnMaDld0PwMwoD.B7386OItBXPfC', '89650375488');
insert into PERSON (id, BirthDate, FIRSTNAME, LASTNAME, login, password, Pesel) values (21, '1975-11-04', 'Eugenie', 'Cudiff', 'Eugenie Cudiff', '$2a$12$Yv17VjvGgKVZ5PzdRtoZVebu/nnMaDld0PwMwoD.B7386OItBXPfC', '90194997163');
insert into PERSON (id, BirthDate, FIRSTNAME, LASTNAME, login, password, Pesel) values (22, '1976-04-24', 'Halsey', 'Matteuzzi', 'Halsey Matteuzzi', '$2a$12$Yv17VjvGgKVZ5PzdRtoZVebu/nnMaDld0PwMwoD.B7386OItBXPfC', '30280858316');
insert into PERSON (id, BirthDate, FIRSTNAME, LASTNAME, login, password, Pesel) values (23, '1993-10-03', 'Jemie', 'Matfin', 'Jemie Matfin', '$2a$12$Yv17VjvGgKVZ5PzdRtoZVebu/nnMaDld0PwMwoD.B7386OItBXPfC', '48735178694');
insert into PERSON (id, BirthDate, FIRSTNAME, LASTNAME, login, password, Pesel) values (24, '1983-12-29', 'Nappy', 'Tavernor', 'Nappy Tavernor', '$2a$12$Yv17VjvGgKVZ5PzdRtoZVebu/nnMaDld0PwMwoD.B7386OItBXPfC', '46870697318');
insert into PERSON (id, BirthDate, FIRSTNAME, LASTNAME, login, password, Pesel) values (25, '1978-04-30', 'Beverlee', 'Naire', 'Beverlee Naire', '$2a$12$Yv17VjvGgKVZ5PzdRtoZVebu/nnMaDld0PwMwoD.B7386OItBXPfC', '53018655260');
insert into PERSON (id, BirthDate, FIRSTNAME, LASTNAME, login, password, Pesel) values (26, '1985-03-07', 'Daniele', 'Pinwell', 'Daniele Pinwell', '$2a$12$Yv17VjvGgKVZ5PzdRtoZVebu/nnMaDld0PwMwoD.B7386OItBXPfC', '60152521652');
insert into PERSON (id, BirthDate, FIRSTNAME, LASTNAME, login, password, Pesel) values (27, '1976-03-09', 'Carly', 'Jarville', 'Carly Jarville', '$2a$12$Yv17VjvGgKVZ5PzdRtoZVebu/nnMaDld0PwMwoD.B7386OItBXPfC', '16756652099');
insert into PERSON (id, BirthDate, FIRSTNAME, LASTNAME, login, password, Pesel) values (28, '1994-04-10', 'Lefty', 'Liffey', 'Lefty Liffey', '$2a$12$Yv17VjvGgKVZ5PzdRtoZVebu/nnMaDld0PwMwoD.B7386OItBXPfC', '87884655963');
insert into PERSON (id, BirthDate, FIRSTNAME, LASTNAME, login, password, Pesel) values (29, '1980-07-12', 'Roxane', 'Hurlestone', 'Roxane Hurlestone', '$2a$12$Yv17VjvGgKVZ5PzdRtoZVebu/nnMaDld0PwMwoD.B7386OItBXPfC', '11635503242');
insert into PERSON (id, BirthDate, FIRSTNAME, LASTNAME, login, password, Pesel) values (30, '1979-12-13', 'Malvina', 'Blazevic', 'Malvina Blazevic', '$2a$12$Yv17VjvGgKVZ5PzdRtoZVebu/nnMaDld0PwMwoD.B7386OItBXPfC', '35672219756');
insert into PERSON (id, BirthDate, FIRSTNAME, LASTNAME, login, password, Pesel) values (31, '2001-11-11', 'Maribeth', 'Calvert', 'Maribeth Calvert', '$2a$12$Yv17VjvGgKVZ5PzdRtoZVebu/nnMaDld0PwMwoD.B7386OItBXPfC', '78266412842');
insert into PERSON (id, BirthDate, FIRSTNAME, LASTNAME, login, password, Pesel) values (32, '2005-03-07', 'Even', 'Drain', 'Even Drain', '$2a$12$Yv17VjvGgKVZ5PzdRtoZVebu/nnMaDld0PwMwoD.B7386OItBXPfC', '67951743310');
insert into PERSON (id, BirthDate, FIRSTNAME, LASTNAME, login, password, Pesel) values (33, '2001-01-02', 'Kiri', 'Creebo', 'Kiri Creebo', '$2a$12$Yv17VjvGgKVZ5PzdRtoZVebu/nnMaDld0PwMwoD.B7386OItBXPfC', '20210899187');
insert into PERSON (id, BirthDate, FIRSTNAME, LASTNAME, login, password, Pesel) values (34, '2002-01-15', 'Lenette', 'Cherry Holme', 'Lenette Cherry Holme', '$2a$12$Yv17VjvGgKVZ5PzdRtoZVebu/nnMaDld0PwMwoD.B7386OItBXPfC', '92041516395');
insert into PERSON (id, BirthDate, FIRSTNAME, LASTNAME, login, password, Pesel) values (35, '2002-09-22', 'Arturo', 'Fabler', 'Arturo Fabler', '$2a$12$Yv17VjvGgKVZ5PzdRtoZVebu/nnMaDld0PwMwoD.B7386OItBXPfC', '24069295063');
insert into PERSON (id, BirthDate, FIRSTNAME, LASTNAME, login, password, Pesel) values (36, '2001-03-04', 'Belicia', 'Manolov', 'Belicia Manolov', '$2a$12$Yv17VjvGgKVZ5PzdRtoZVebu/nnMaDld0PwMwoD.B7386OItBXPfC', '67395511978');
insert into PERSON (id, BirthDate, FIRSTNAME, LASTNAME, login, password, Pesel) values (37, '2004-12-06', 'Nevin', 'Eubank', 'Nevin Eubank', '$2a$12$Yv17VjvGgKVZ5PzdRtoZVebu/nnMaDld0PwMwoD.B7386OItBXPfC', '11617571865');
insert into PERSON (id, BirthDate, FIRSTNAME, LASTNAME, login, password, Pesel) values (38, '2003-11-06', 'Julio', 'Capineer', 'Julio Capineer', '$2a$12$Yv17VjvGgKVZ5PzdRtoZVebu/nnMaDld0PwMwoD.B7386OItBXPfC', '11819942820');
insert into PERSON (id, BirthDate, FIRSTNAME, LASTNAME, login, password, Pesel) values (39, '2005-02-07', 'Madeleine', 'Cully', 'Madeleine Cully', '$2a$12$Yv17VjvGgKVZ5PzdRtoZVebu/nnMaDld0PwMwoD.B7386OItBXPfC', '89782878445');
insert into PERSON (id, BirthDate, FIRSTNAME, LASTNAME, login, password, Pesel) values (40, '2000-10-01', 'Arvy', 'Gellett', 'Arvy Gellett', '$2a$12$Yv17VjvGgKVZ5PzdRtoZVebu/nnMaDld0PwMwoD.B7386OItBXPfC', '17014502019');
insert into PERSON (id, BirthDate, FIRSTNAME, LASTNAME, login, password, Pesel) values (41, '2005-03-04', 'Tuckie', 'Lammin', 'Tuckie Lammin', '$2a$12$Yv17VjvGgKVZ5PzdRtoZVebu/nnMaDld0PwMwoD.B7386OItBXPfC', '43580080403');
insert into PERSON (id, BirthDate, FIRSTNAME, LASTNAME, login, password, Pesel) values (42, '2005-01-13', 'Allix', 'Henrie', 'Allix Henrie', '$2a$12$Yv17VjvGgKVZ5PzdRtoZVebu/nnMaDld0PwMwoD.B7386OItBXPfC', '86516158229');
insert into PERSON (id, BirthDate, FIRSTNAME, LASTNAME, login, password, Pesel) values (43, '2000-10-20', 'Willy', 'Keys', 'Willy Keys', '$2a$12$Yv17VjvGgKVZ5PzdRtoZVebu/nnMaDld0PwMwoD.B7386OItBXPfC', '55606075828');
insert into PERSON (id, BirthDate, FIRSTNAME, LASTNAME, login, password, Pesel) values (44, '2005-02-05', 'Viola', 'Graffin', 'Viola Graffin', '$2a$12$Yv17VjvGgKVZ5PzdRtoZVebu/nnMaDld0PwMwoD.B7386OItBXPfC', '48752430168');
insert into PERSON (id, BirthDate, FIRSTNAME, LASTNAME, login, password, Pesel) values (45, '2004-07-25', 'Selena', 'Balk', 'Selena Balk', '$2a$12$Yv17VjvGgKVZ5PzdRtoZVebu/nnMaDld0PwMwoD.B7386OItBXPfC', '94887708406');
insert into PERSON (id, BirthDate, FIRSTNAME, LASTNAME, login, password, Pesel) values (46, '2004-12-12', 'Idaline', 'Binstead', 'Idaline Binstead', '$2a$12$Yv17VjvGgKVZ5PzdRtoZVebu/nnMaDld0PwMwoD.B7386OItBXPfC', '68693224292');
insert into PERSON (id, BirthDate, FIRSTNAME, LASTNAME, login, password, Pesel) values (47, '2003-03-10', 'Windy', 'McEvay', 'Windy McEvay', '$2a$12$Yv17VjvGgKVZ5PzdRtoZVebu/nnMaDld0PwMwoD.B7386OItBXPfC', '19487645340');
insert into PERSON (id, BirthDate, FIRSTNAME, LASTNAME, login, password, Pesel) values (48, '2004-05-27', 'Scarlet', 'Cristofolini', 'Scarlet Cristofolini', '$2a$12$Yv17VjvGgKVZ5PzdRtoZVebu/nnMaDld0PwMwoD.B7386OItBXPfC', '84885012663');
insert into PERSON (id, BirthDate, FIRSTNAME, LASTNAME, login, password, Pesel) values (49, '2003-11-18', 'Aubree', 'Gracewood', 'Aubree Gracewood', '$2a$12$Yv17VjvGgKVZ5PzdRtoZVebu/nnMaDld0PwMwoD.B7386OItBXPfC', '81558653123');
insert into PERSON (id, BirthDate, FIRSTNAME, LASTNAME, login, password, Pesel) values (50, '2004-09-19', 'Valle', 'Joannic', 'Valle Joannic', '$2a$12$Yv17VjvGgKVZ5PzdRtoZVebu/nnMaDld0PwMwoD.B7386OItBXPfC', '62902699523');
insert into PERSON (id, BirthDate, FIRSTNAME, LASTNAME, login, password, Pesel) values (51, '2003-05-19', 'Yancy', 'Elington', 'Yancy Elington', '$2a$12$Yv17VjvGgKVZ5PzdRtoZVebu/nnMaDld0PwMwoD.B7386OItBXPfC', '52311819025');
insert into PERSON (id, BirthDate, FIRSTNAME, LASTNAME, login, password, Pesel) values (52, '2004-10-27', 'Talyah', 'De Gregorio', 'Talyah De Gregorio', '$2a$12$Yv17VjvGgKVZ5PzdRtoZVebu/nnMaDld0PwMwoD.B7386OItBXPfC', '26199154808');
insert into PERSON (id, BirthDate, FIRSTNAME, LASTNAME, login, password, Pesel) values (53, '2001-08-24', 'Bamby', 'Beddis', 'Bamby Beddis', '$2a$12$Yv17VjvGgKVZ5PzdRtoZVebu/nnMaDld0PwMwoD.B7386OItBXPfC', '70889469663');
insert into PERSON (id, BirthDate, FIRSTNAME, LASTNAME, login, password, Pesel) values (54, '2003-03-03', 'Briny', 'Greenshiels', 'Briny Greenshiels', '$2a$12$Yv17VjvGgKVZ5PzdRtoZVebu/nnMaDld0PwMwoD.B7386OItBXPfC', '27740544576');
insert into PERSON (id, BirthDate, FIRSTNAME, LASTNAME, login, password, Pesel) values (55, '2002-04-27', 'Syman', 'Lukins', 'Syman Lukins', '$2a$12$Yv17VjvGgKVZ5PzdRtoZVebu/nnMaDld0PwMwoD.B7386OItBXPfC', '28351658953');
insert into PERSON (id, BirthDate, FIRSTNAME, LASTNAME, login, password, Pesel) values (56, '2001-07-21', 'Bernadine', 'Pantecost', 'Bernadine Pantecost', '$2a$12$Yv17VjvGgKVZ5PzdRtoZVebu/nnMaDld0PwMwoD.B7386OItBXPfC', '52544215513');
insert into PERSON (id, BirthDate, FIRSTNAME, LASTNAME, login, password, Pesel) values (57, '2004-05-23', 'Hobey', 'MacRorie', 'Hobey MacRorie', '$2a$12$Yv17VjvGgKVZ5PzdRtoZVebu/nnMaDld0PwMwoD.B7386OItBXPfC', '79150352641');
insert into PERSON (id, BirthDate, FIRSTNAME, LASTNAME, login, password, Pesel) values (58, '2004-08-19', 'Barry', 'Highnam', 'Barry Highnam', '$2a$12$Yv17VjvGgKVZ5PzdRtoZVebu/nnMaDld0PwMwoD.B7386OItBXPfC', '46930702659');
insert into PERSON (id, BirthDate, FIRSTNAME, LASTNAME, login, password, Pesel) values (59, '2004-09-18', 'Fran', 'Hinzer', 'Fran Hinzer', '$2a$12$Yv17VjvGgKVZ5PzdRtoZVebu/nnMaDld0PwMwoD.B7386OItBXPfC', '95670367422');
insert into PERSON (id, BirthDate, FIRSTNAME, LASTNAME, login, password, Pesel) values (60, '2004-02-01', 'Kile', 'Sexton', 'Kile Sexton', '$2a$12$Yv17VjvGgKVZ5PzdRtoZVebu/nnMaDld0PwMwoD.B7386OItBXPfC', '42323231753');
insert into PERSON (id, BirthDate, FIRSTNAME, LASTNAME, login, password, Pesel) values (61, '2001-04-29', 'Esmaria', 'Episcopi', 'Esmaria Episcopi', '$2a$12$Yv17VjvGgKVZ5PzdRtoZVebu/nnMaDld0PwMwoD.B7386OItBXPfC', '43451564222');
insert into PERSON (id, BirthDate, FIRSTNAME, LASTNAME, login, password, Pesel) values (62, '2000-12-30', 'Georgetta', 'Stiggers', 'Georgetta Stiggers', '$2a$12$Yv17VjvGgKVZ5PzdRtoZVebu/nnMaDld0PwMwoD.B7386OItBXPfC', '35406790378');
insert into PERSON (id, BirthDate, FIRSTNAME, LASTNAME, login, password, Pesel) values (63, '2005-04-14', 'Sharline', 'Mc Caughan', 'Sharline Mc Caughan', '$2a$12$Yv17VjvGgKVZ5PzdRtoZVebu/nnMaDld0PwMwoD.B7386OItBXPfC', '26713362509');
insert into PERSON (id, BirthDate, FIRSTNAME, LASTNAME, login, password, Pesel) values (64, '2005-02-04', 'Eldin', 'Valek', 'Eldin Valek', '$2a$12$Yv17VjvGgKVZ5PzdRtoZVebu/nnMaDld0PwMwoD.B7386OItBXPfC', '81697332610');
insert into PERSON (id, BirthDate, FIRSTNAME, LASTNAME, login, password, Pesel) values (65, '2001-07-14', 'Rois', 'Normanville', 'Rois Normanville', '$2a$12$Yv17VjvGgKVZ5PzdRtoZVebu/nnMaDld0PwMwoD.B7386OItBXPfC', '13184179079');
insert into PERSON (id, BirthDate, FIRSTNAME, LASTNAME, login, password, Pesel) values (66, '2002-10-08', 'Carolin', 'Gudd', 'Carolin Gudd', '$2a$12$Yv17VjvGgKVZ5PzdRtoZVebu/nnMaDld0PwMwoD.B7386OItBXPfC', '16155338894');
insert into PERSON (id, BirthDate, FIRSTNAME, LASTNAME, login, password, Pesel) values (67, '2003-11-23', 'Steven', 'Weir', 'Steven Weir', '$2a$12$Yv17VjvGgKVZ5PzdRtoZVebu/nnMaDld0PwMwoD.B7386OItBXPfC', '30458992535');
insert into PERSON (id, BirthDate, FIRSTNAME, LASTNAME, login, password, Pesel) values (68, '2001-09-14', 'Joete', 'Maleham', 'Joete Maleham', '$2a$12$Yv17VjvGgKVZ5PzdRtoZVebu/nnMaDld0PwMwoD.B7386OItBXPfC', '51412249664');
insert into PERSON (id, BirthDate, FIRSTNAME, LASTNAME, login, password, Pesel) values (69, '2002-11-05', 'Deonne', 'Mulhill', 'Deonne Mulhill', '$2a$12$Yv17VjvGgKVZ5PzdRtoZVebu/nnMaDld0PwMwoD.B7386OItBXPfC', '34756458612');
insert into PERSON (id, BirthDate, FIRSTNAME, LASTNAME, login, password, Pesel) values (70, '2004-06-09', 'Barr', 'Menichini', 'Barr Menichini', '$2a$12$Yv17VjvGgKVZ5PzdRtoZVebu/nnMaDld0PwMwoD.B7386OItBXPfC', '27066750028');
insert into PERSON (id, BirthDate, FIRSTNAME, LASTNAME, login, password, Pesel) values (71, '2004-07-01', 'Ruddie', 'Soars', 'Ruddie Soars', '$2a$12$Yv17VjvGgKVZ5PzdRtoZVebu/nnMaDld0PwMwoD.B7386OItBXPfC', '29578627334');
insert into PERSON (id, BirthDate, FIRSTNAME, LASTNAME, login, password, Pesel) values (72, '2001-08-07', 'Rosalyn', 'McLuckie', 'Rosalyn McLuckie', '$2a$12$Yv17VjvGgKVZ5PzdRtoZVebu/nnMaDld0PwMwoD.B7386OItBXPfC', '75077896895');
insert into PERSON (id, BirthDate, FIRSTNAME, LASTNAME, login, password, Pesel) values (73, '2003-01-28', 'Armin', 'Prettyman', 'Armin Prettyman', '$2a$12$Yv17VjvGgKVZ5PzdRtoZVebu/nnMaDld0PwMwoD.B7386OItBXPfC', '85396085043');
insert into PERSON (id, BirthDate, FIRSTNAME, LASTNAME, login, password, Pesel) values (74, '2002-05-09', 'Kile', 'Stenton', 'Kile Stenton', '$2a$12$Yv17VjvGgKVZ5PzdRtoZVebu/nnMaDld0PwMwoD.B7386OItBXPfC', '15432087621');
insert into PERSON (id, BirthDate, FIRSTNAME, LASTNAME, login, password, Pesel) values (75, '2003-03-28', 'Gerome', 'Frenzl', 'Gerome Frenzl', '$2a$12$Yv17VjvGgKVZ5PzdRtoZVebu/nnMaDld0PwMwoD.B7386OItBXPfC', '97887911799');
insert into PERSON (id, BirthDate, FIRSTNAME, LASTNAME, login, password, Pesel) values (76, '2002-10-14', 'Lucretia', 'Smoote', 'Lucretia Smoote', '$2a$12$Yv17VjvGgKVZ5PzdRtoZVebu/nnMaDld0PwMwoD.B7386OItBXPfC', '42176801652');
insert into PERSON (id, BirthDate, FIRSTNAME, LASTNAME, login, password, Pesel) values (77, '2005-03-01', 'Sherm', 'Harston', 'Sherm Harston', '$2a$12$Yv17VjvGgKVZ5PzdRtoZVebu/nnMaDld0PwMwoD.B7386OItBXPfC', '62944893974');
insert into PERSON (id, BirthDate, FIRSTNAME, LASTNAME, login, password, Pesel) values (78, '2002-05-22', 'Christie', 'Hitcham', 'Christie Hitcham', '$2a$12$Yv17VjvGgKVZ5PzdRtoZVebu/nnMaDld0PwMwoD.B7386OItBXPfC', '48976587827');
insert into PERSON (id, BirthDate, FIRSTNAME, LASTNAME, login, password, Pesel) values (79, '2003-09-21', 'Lyda', 'Isac', 'Lyda Isac', '$2a$12$Yv17VjvGgKVZ5PzdRtoZVebu/nnMaDld0PwMwoD.B7386OItBXPfC', '49067900794');
insert into PERSON (id, BirthDate, FIRSTNAME, LASTNAME, login, password, Pesel) values (80, '2004-04-21', 'Nicol', 'Fone', 'Nicol Fone', '$2a$12$Yv17VjvGgKVZ5PzdRtoZVebu/nnMaDld0PwMwoD.B7386OItBXPfC', '49177914964');
insert into PERSON (id, BirthDate, FIRSTNAME, LASTNAME, login, password, Pesel) values (81, '2003-02-24', 'Tessy', 'Hamlet', 'Tessy Hamlet', '$2a$12$Yv17VjvGgKVZ5PzdRtoZVebu/nnMaDld0PwMwoD.B7386OItBXPfC', '51278960498');
insert into PERSON (id, BirthDate, FIRSTNAME, LASTNAME, login, password, Pesel) values (82, '2001-03-05', 'Georgeanne', 'Lombard', 'Georgeanne Lombard', '$2a$12$Yv17VjvGgKVZ5PzdRtoZVebu/nnMaDld0PwMwoD.B7386OItBXPfC', '96082541738');
insert into PERSON (id, BirthDate, FIRSTNAME, LASTNAME, login, password, Pesel) values (83, '2001-12-03', 'Harv', 'Nancekivell', 'Harv Nancekivell', '$2a$12$Yv17VjvGgKVZ5PzdRtoZVebu/nnMaDld0PwMwoD.B7386OItBXPfC', '61087201106');
insert into PERSON (id, BirthDate, FIRSTNAME, LASTNAME, login, password, Pesel) values (84, '2004-10-15', 'North', 'Curreen', 'North Curreen', '$2a$12$Yv17VjvGgKVZ5PzdRtoZVebu/nnMaDld0PwMwoD.B7386OItBXPfC', '75722631382');
insert into PERSON (id, BirthDate, FIRSTNAME, LASTNAME, login, password, Pesel) values (85, '2000-10-17', 'Othella', 'Arminger', 'Othella Arminger', '$2a$12$Yv17VjvGgKVZ5PzdRtoZVebu/nnMaDld0PwMwoD.B7386OItBXPfC', '39949068004');
insert into PERSON (id, BirthDate, FIRSTNAME, LASTNAME, login, password, Pesel) values (86, '2004-07-16', 'Maggi', 'Wraggs', 'Maggi Wraggs', '$2a$12$Yv17VjvGgKVZ5PzdRtoZVebu/nnMaDld0PwMwoD.B7386OItBXPfC', '72148973948');
insert into PERSON (id, BirthDate, FIRSTNAME, LASTNAME, login, password, Pesel) values (87, '2004-05-20', 'Arnuad', 'Hassan', 'Arnuad Hassan', '$2a$12$Yv17VjvGgKVZ5PzdRtoZVebu/nnMaDld0PwMwoD.B7386OItBXPfC', '80154856392');
insert into PERSON (id, BirthDate, FIRSTNAME, LASTNAME, login, password, Pesel) values (88, '2001-10-31', 'Nichole', 'Kief', 'Nichole Kief', '$2a$12$Yv17VjvGgKVZ5PzdRtoZVebu/nnMaDld0PwMwoD.B7386OItBXPfC', '22160279231');
insert into PERSON (id, BirthDate, FIRSTNAME, LASTNAME, login, password, Pesel) values (89, '2005-02-26', 'Nisse', 'Degoix', 'Nisse Degoix', '$2a$12$Yv17VjvGgKVZ5PzdRtoZVebu/nnMaDld0PwMwoD.B7386OItBXPfC', '70239335095');
insert into PERSON (id, BirthDate, FIRSTNAME, LASTNAME, login, password, Pesel) values (90, '2001-07-08', 'Fianna', 'Smithson', 'Fianna Smithson', '$2a$12$Yv17VjvGgKVZ5PzdRtoZVebu/nnMaDld0PwMwoD.B7386OItBXPfC', '56137596624');
insert into PERSON (id, BirthDate, FIRSTNAME, LASTNAME, login, password, Pesel) values (91, '2004-05-25', 'James', 'Deetch', 'James Deetch', '$2a$12$Yv17VjvGgKVZ5PzdRtoZVebu/nnMaDld0PwMwoD.B7386OItBXPfC', '68926510758');
insert into PERSON (id, BirthDate, FIRSTNAME, LASTNAME, login, password, Pesel) values (92, '2005-02-21', 'Sophey', 'Thumann', 'Sophey Thumann', '$2a$12$Yv17VjvGgKVZ5PzdRtoZVebu/nnMaDld0PwMwoD.B7386OItBXPfC', '35859814408');
insert into PERSON (id, BirthDate, FIRSTNAME, LASTNAME, login, password, Pesel) values (93, '2002-09-27', 'Ed', 'De Carolis', 'Ed De Carolis', '$2a$12$Yv17VjvGgKVZ5PzdRtoZVebu/nnMaDld0PwMwoD.B7386OItBXPfC', '60716191465');
insert into PERSON (id, BirthDate, FIRSTNAME, LASTNAME, login, password, Pesel) values (94, '2005-05-23', 'Gretal', 'Forsard', 'Gretal Forsard', '$2a$12$Yv17VjvGgKVZ5PzdRtoZVebu/nnMaDld0PwMwoD.B7386OItBXPfC', '37515434438');
insert into PERSON (id, BirthDate, FIRSTNAME, LASTNAME, login, password, Pesel) values (95, '2003-02-11', 'Nevile', 'Pigott', 'Nevile Pigott', '$2a$12$Yv17VjvGgKVZ5PzdRtoZVebu/nnMaDld0PwMwoD.B7386OItBXPfC', '49420684302');
insert into PERSON (id, BirthDate, FIRSTNAME, LASTNAME, login, password, Pesel) values (96, '2003-01-29', 'Leonard', 'Biggins', 'Leonard Biggins', '$2a$12$Yv17VjvGgKVZ5PzdRtoZVebu/nnMaDld0PwMwoD.B7386OItBXPfC', '83076856206');
insert into PERSON (id, BirthDate, FIRSTNAME, LASTNAME, login, password, Pesel) values (97, '2001-09-23', 'Pen', 'Lorenc', 'Pen Lorenc', '$2a$12$Yv17VjvGgKVZ5PzdRtoZVebu/nnMaDld0PwMwoD.B7386OItBXPfC', '58045893157');
insert into PERSON (id, BirthDate, FIRSTNAME, LASTNAME, login, password, Pesel) values (98, '2004-10-28', 'Donaugh', 'Ciric', 'Donaugh Ciric', '$2a$12$Yv17VjvGgKVZ5PzdRtoZVebu/nnMaDld0PwMwoD.B7386OItBXPfC', '22584066007');
insert into PERSON (id, BirthDate, FIRSTNAME, LASTNAME, login, password, Pesel) values (99, '2002-03-03', 'Jaynell', 'McIlvoray', 'Jaynell McIlvoray', '$2a$12$Yv17VjvGgKVZ5PzdRtoZVebu/nnMaDld0PwMwoD.B7386OItBXPfC', '29919317688');
insert into PERSON (id, BirthDate, FIRSTNAME, LASTNAME, login, password, Pesel) values (100, '2003-01-30', 'Jaimie', 'Cardenas', 'Jaimie Cardenas', '$2a$12$Yv17VjvGgKVZ5PzdRtoZVebu/nnMaDld0PwMwoD.B7386OItBXPfC', '27152235725');
insert into PERSON (id, BirthDate, FIRSTNAME, LASTNAME, login, password, Pesel) values (101, '2003-03-09', 'Drucy', 'Swaton', 'Drucy Swaton', '$2a$12$Yv17VjvGgKVZ5PzdRtoZVebu/nnMaDld0PwMwoD.B7386OItBXPfC', '71019584873');
insert into PERSON (id, BirthDate, FIRSTNAME, LASTNAME, login, password, Pesel) values (102, '2003-06-15', 'Chevy', 'Desseine', 'Chevy Desseine', '$2a$12$Yv17VjvGgKVZ5PzdRtoZVebu/nnMaDld0PwMwoD.B7386OItBXPfC', '27831802353');
insert into PERSON (id, BirthDate, FIRSTNAME, LASTNAME, login, password, Pesel) values (103, '2000-06-29', 'Sherie', 'Shird', 'Sherie Shird', '$2a$12$Yv17VjvGgKVZ5PzdRtoZVebu/nnMaDld0PwMwoD.B7386OItBXPfC', '97319634091');
insert into PERSON (id, BirthDate, FIRSTNAME, LASTNAME, login, password, Pesel) values (104, '2005-03-28', 'Lance', 'Klazenga', 'Lance Klazenga', '$2a$12$Yv17VjvGgKVZ5PzdRtoZVebu/nnMaDld0PwMwoD.B7386OItBXPfC', '22349196272');
insert into PERSON (id, BirthDate, FIRSTNAME, LASTNAME, login, password, Pesel) values (105, '2004-10-29', 'Julissa', 'Dabbs', 'Julissa Dabbs', '$2a$12$Yv17VjvGgKVZ5PzdRtoZVebu/nnMaDld0PwMwoD.B7386OItBXPfC', '68370372829');
insert into PERSON (id, BirthDate, FIRSTNAME, LASTNAME, login, password, Pesel) values (106, '2004-03-11', 'Myrta', 'Twine', 'Myrta Twine', '$2a$12$Yv17VjvGgKVZ5PzdRtoZVebu/nnMaDld0PwMwoD.B7386OItBXPfC', '35735233227');
insert into PERSON (id, BirthDate, FIRSTNAME, LASTNAME, login, password, Pesel) values (107, '2002-11-17', 'Marcile', 'Stack', 'Marcile Stack', '$2a$12$Yv17VjvGgKVZ5PzdRtoZVebu/nnMaDld0PwMwoD.B7386OItBXPfC', '11388285096');
insert into PERSON (id, BirthDate, FIRSTNAME, LASTNAME, login, password, Pesel) values (108, '2001-01-25', 'Margi', 'Winfrey', 'Margi Winfrey', '$2a$12$Yv17VjvGgKVZ5PzdRtoZVebu/nnMaDld0PwMwoD.B7386OItBXPfC', '16592333198');
insert into PERSON (id, BirthDate, FIRSTNAME, LASTNAME, login, password, Pesel) values (109, '2003-07-26', 'Janette', 'Corston', 'Janette Corston', '$2a$12$Yv17VjvGgKVZ5PzdRtoZVebu/nnMaDld0PwMwoD.B7386OItBXPfC', '49502673366');
insert into PERSON (id, BirthDate, FIRSTNAME, LASTNAME, login, password, Pesel) values (110, '2004-03-09', 'Martynne', 'Tremblet', 'Martynne Tremblet', '$2a$12$Yv17VjvGgKVZ5PzdRtoZVebu/nnMaDld0PwMwoD.B7386OItBXPfC', '69076011849');
insert into PERSON (id, BirthDate, FIRSTNAME, LASTNAME, login, password, Pesel) values (111, '2002-12-05', 'Bron', 'Madden', 'Bron Madden', '$2a$12$Yv17VjvGgKVZ5PzdRtoZVebu/nnMaDld0PwMwoD.B7386OItBXPfC', '94450528728');
insert into PERSON (id, BirthDate, FIRSTNAME, LASTNAME, login, password, Pesel) values (112, '2002-05-13', 'Meghan', 'Bearward', 'Meghan Bearward', '$2a$12$Yv17VjvGgKVZ5PzdRtoZVebu/nnMaDld0PwMwoD.B7386OItBXPfC', '12996417938');
insert into PERSON (id, BirthDate, FIRSTNAME, LASTNAME, login, password, Pesel) values (113, '2003-02-07', 'Ive', 'Dudny', 'Ive Dudny', '$2a$12$Yv17VjvGgKVZ5PzdRtoZVebu/nnMaDld0PwMwoD.B7386OItBXPfC', '72600038979');
insert into PERSON (id, BirthDate, FIRSTNAME, LASTNAME, login, password, Pesel) values (114, '2003-03-24', 'Edwin', 'Worswick', 'Edwin Worswick', '$2a$12$Yv17VjvGgKVZ5PzdRtoZVebu/nnMaDld0PwMwoD.B7386OItBXPfC', '75975996771');
insert into PERSON (id, BirthDate, FIRSTNAME, LASTNAME, login, password, Pesel) values (115, '2005-01-06', 'Andie', 'McPharlain', 'Andie McPharlain', '$2a$12$Yv17VjvGgKVZ5PzdRtoZVebu/nnMaDld0PwMwoD.B7386OItBXPfC', '80464581541');
insert into PERSON (id, BirthDate, FIRSTNAME, LASTNAME, login, password, Pesel) values (116, '2001-03-23', 'Antonius', 'Finan', 'Antonius Finan', '$2a$12$Yv17VjvGgKVZ5PzdRtoZVebu/nnMaDld0PwMwoD.B7386OItBXPfC', '76262465352');
insert into PERSON (id, BirthDate, FIRSTNAME, LASTNAME, login, password, Pesel) values (117, '2000-05-26', 'Anitra', 'Posselwhite', 'Anitra Posselwhite', '$2a$12$Yv17VjvGgKVZ5PzdRtoZVebu/nnMaDld0PwMwoD.B7386OItBXPfC', '14367640772');
insert into PERSON (id, BirthDate, FIRSTNAME, LASTNAME, login, password, Pesel) values (118, '2004-03-02', 'Robina', 'Hanbridge', 'Robina Hanbridge', '$2a$12$Yv17VjvGgKVZ5PzdRtoZVebu/nnMaDld0PwMwoD.B7386OItBXPfC', '44158759510');
insert into PERSON (id, BirthDate, FIRSTNAME, LASTNAME, login, password, Pesel) values (119, '2000-09-01', 'Vivienne', 'Whilder', 'Vivienne Whilder', '$2a$12$Yv17VjvGgKVZ5PzdRtoZVebu/nnMaDld0PwMwoD.B7386OItBXPfC', '23516891122');
insert into PERSON (id, BirthDate, FIRSTNAME, LASTNAME, login, password, Pesel) values (120, '2000-10-13', 'Brena', 'Doelle', 'Brena Doelle', '$2a$12$Yv17VjvGgKVZ5PzdRtoZVebu/nnMaDld0PwMwoD.B7386OItBXPfC', '63952960533');
insert into PERSON (id, BirthDate, FIRSTNAME, LASTNAME, login, password, Pesel) values (121, '2003-01-04', 'Weider', 'Krysztowczyk', 'Weider Krysztowczyk', '$2a$12$Yv17VjvGgKVZ5PzdRtoZVebu/nnMaDld0PwMwoD.B7386OItBXPfC', '96824846757');
insert into PERSON (id, BirthDate, FIRSTNAME, LASTNAME, login, password, Pesel) values (122, '2005-03-07', 'Nolan', 'Dymond', 'Nolan Dymond', '$2a$12$Yv17VjvGgKVZ5PzdRtoZVebu/nnMaDld0PwMwoD.B7386OItBXPfC', '26601710974');
insert into PERSON (id, BirthDate, FIRSTNAME, LASTNAME, login, password, Pesel) values (123, '2004-07-20', 'Jennette', 'Goodsell', 'Jennette Goodsell', '$2a$12$Yv17VjvGgKVZ5PzdRtoZVebu/nnMaDld0PwMwoD.B7386OItBXPfC', '34674450454');
insert into PERSON (id, BirthDate, FIRSTNAME, LASTNAME, login, password, Pesel) values (124, '2003-10-08', 'Flory', 'Hundey', 'Flory Hundey', '$2a$12$Yv17VjvGgKVZ5PzdRtoZVebu/nnMaDld0PwMwoD.B7386OItBXPfC', '34994528412');
insert into PERSON (id, BirthDate, FIRSTNAME, LASTNAME, login, password, Pesel) values (125, '2001-05-03', 'Sileas', 'Hubber', 'Sileas Hubber', '$2a$12$Yv17VjvGgKVZ5PzdRtoZVebu/nnMaDld0PwMwoD.B7386OItBXPfC', '74606650127');
insert into PERSON (id, BirthDate, FIRSTNAME, LASTNAME, login, password, Pesel) values (126, '2004-10-25', 'Shelia', 'Dyott', 'Shelia Dyott', '$2a$12$Yv17VjvGgKVZ5PzdRtoZVebu/nnMaDld0PwMwoD.B7386OItBXPfC', '72483932056');
insert into PERSON (id, BirthDate, FIRSTNAME, LASTNAME, login, password, Pesel) values (127, '2002-07-18', 'Lew', 'Dasent', 'Lew Dasent', '$2a$12$Yv17VjvGgKVZ5PzdRtoZVebu/nnMaDld0PwMwoD.B7386OItBXPfC', '59445386631');
insert into PERSON (id, BirthDate, FIRSTNAME, LASTNAME, login, password, Pesel) values (128, '2000-11-15', 'Delia', 'Trevithick', 'Delia Trevithick', '$2a$12$Yv17VjvGgKVZ5PzdRtoZVebu/nnMaDld0PwMwoD.B7386OItBXPfC', '74826363721');
insert into PERSON (id, BirthDate, FIRSTNAME, LASTNAME, login, password, Pesel) values (129, '2002-05-10', 'Sylas', 'O''Harney', 'Sylas O''Harney', '$2a$12$Yv17VjvGgKVZ5PzdRtoZVebu/nnMaDld0PwMwoD.B7386OItBXPfC', '82154328650');
insert into PERSON (id, BirthDate, FIRSTNAME, LASTNAME, login, password, Pesel) values (130, '2001-06-23', 'Cherey', 'Pinckney', 'Cherey Pinckney', '$2a$12$Yv17VjvGgKVZ5PzdRtoZVebu/nnMaDld0PwMwoD.B7386OItBXPfC', '21211601432');
insert into PERSON (id, BirthDate, FIRSTNAME, LASTNAME, login, password, Pesel) values (131, '2004-07-23', 'Cynthy', 'Cassidy', 'Cynthy Cassidy', '$2a$12$Yv17VjvGgKVZ5PzdRtoZVebu/nnMaDld0PwMwoD.B7386OItBXPfC', '61729081111');
insert into PERSON (id, BirthDate, FIRSTNAME, LASTNAME, login, password, Pesel) values (132, '2002-09-03', 'Rockwell', 'Murcott', 'Rockwell Murcott', '$2a$12$Yv17VjvGgKVZ5PzdRtoZVebu/nnMaDld0PwMwoD.B7386OItBXPfC', '43918575373');
insert into PERSON (id, BirthDate, FIRSTNAME, LASTNAME, login, password, Pesel) values (133, '2002-10-22', 'Evelyn', 'McGhee', 'Evelyn McGhee', '$2a$12$Yv17VjvGgKVZ5PzdRtoZVebu/nnMaDld0PwMwoD.B7386OItBXPfC', '21499608006');
insert into PERSON (id, BirthDate, FIRSTNAME, LASTNAME, login, password, Pesel) values (134, '2001-10-04', 'Briny', 'Spens', 'Briny Spens', '$2a$12$Yv17VjvGgKVZ5PzdRtoZVebu/nnMaDld0PwMwoD.B7386OItBXPfC', '83947156743');
insert into PERSON (id, BirthDate, FIRSTNAME, LASTNAME, login, password, Pesel) values (135, '2002-08-06', 'Kristan', 'Leeuwerink', 'Kristan Leeuwerink', '$2a$12$Yv17VjvGgKVZ5PzdRtoZVebu/nnMaDld0PwMwoD.B7386OItBXPfC', '25548302518');
insert into PERSON (id, BirthDate, FIRSTNAME, LASTNAME, login, password, Pesel) values (136, '2004-07-24', 'Eddy', 'Moynihan', 'Eddy Moynihan', '$2a$12$Yv17VjvGgKVZ5PzdRtoZVebu/nnMaDld0PwMwoD.B7386OItBXPfC', '69411353458');
insert into PERSON (id, BirthDate, FIRSTNAME, LASTNAME, login, password, Pesel) values (137, '2005-02-19', 'Jard', 'Galiero', 'Jard Galiero', '$2a$12$Yv17VjvGgKVZ5PzdRtoZVebu/nnMaDld0PwMwoD.B7386OItBXPfC', '62243854797');
insert into PERSON (id, BirthDate, FIRSTNAME, LASTNAME, login, password, Pesel) values (138, '2004-11-17', 'Grayce', 'Goodbody', 'Grayce Goodbody', '$2a$12$Yv17VjvGgKVZ5PzdRtoZVebu/nnMaDld0PwMwoD.B7386OItBXPfC', '55741619869');
insert into PERSON (id, BirthDate, FIRSTNAME, LASTNAME, login, password, Pesel) values (139, '2005-03-17', 'Allyn', 'Baistow', 'Allyn Baistow', '$2a$12$Yv17VjvGgKVZ5PzdRtoZVebu/nnMaDld0PwMwoD.B7386OItBXPfC', '86022759883');
insert into PERSON (id, BirthDate, FIRSTNAME, LASTNAME, login, password, Pesel) values (140, '2001-09-16', 'Baily', 'Merriton', 'Baily Merriton', '$2a$12$Yv17VjvGgKVZ5PzdRtoZVebu/nnMaDld0PwMwoD.B7386OItBXPfC', '29725132481');
insert into PERSON (id, BirthDate, FIRSTNAME, LASTNAME, login, password, Pesel) values (141, '2003-07-15', 'Ashton', 'Fairlem', 'Ashton Fairlem', '$2a$12$Yv17VjvGgKVZ5PzdRtoZVebu/nnMaDld0PwMwoD.B7386OItBXPfC', '77758515194');
insert into PERSON (id, BirthDate, FIRSTNAME, LASTNAME, login, password, Pesel) values (142, '2003-11-23', 'Luelle', 'Brennon', 'Luelle Brennon', '$2a$12$Yv17VjvGgKVZ5PzdRtoZVebu/nnMaDld0PwMwoD.B7386OItBXPfC', '95183098042');
insert into PERSON (id, BirthDate, FIRSTNAME, LASTNAME, login, password, Pesel) values (143, '2003-02-21', 'Finlay', 'Llywarch', 'Finlay Llywarch', '$2a$12$Yv17VjvGgKVZ5PzdRtoZVebu/nnMaDld0PwMwoD.B7386OItBXPfC', '70883469500');
insert into PERSON (id, BirthDate, FIRSTNAME, LASTNAME, login, password, Pesel) values (144, '2001-10-13', 'Skyler', 'Rosewell', 'Skyler Rosewell', '$2a$12$Yv17VjvGgKVZ5PzdRtoZVebu/nnMaDld0PwMwoD.B7386OItBXPfC', '40328153650');
insert into PERSON (id, BirthDate, FIRSTNAME, LASTNAME, login, password, Pesel) values (145, '2004-01-24', 'Silvain', 'Jozwicki', 'Silvain Jozwicki', '$2a$12$Yv17VjvGgKVZ5PzdRtoZVebu/nnMaDld0PwMwoD.B7386OItBXPfC', '69546540300');
insert into PERSON (id, BirthDate, FIRSTNAME, LASTNAME, login, password, Pesel) values (146, '2001-07-07', 'Tracee', 'Plane', 'Tracee Plane', '$2a$12$Yv17VjvGgKVZ5PzdRtoZVebu/nnMaDld0PwMwoD.B7386OItBXPfC', '98835533822');
insert into PERSON (id, BirthDate, FIRSTNAME, LASTNAME, login, password, Pesel) values (147, '2003-08-24', 'Wilbur', 'McIlhagga', 'Wilbur McIlhagga', '$2a$12$Yv17VjvGgKVZ5PzdRtoZVebu/nnMaDld0PwMwoD.B7386OItBXPfC', '47341204788');
insert into PERSON (id, BirthDate, FIRSTNAME, LASTNAME, login, password, Pesel) values (148, '2002-08-04', 'Harmon', 'Durrell', 'Harmon Durrell', '$2a$12$Yv17VjvGgKVZ5PzdRtoZVebu/nnMaDld0PwMwoD.B7386OItBXPfC', '77862820526');
insert into PERSON (id, BirthDate, FIRSTNAME, LASTNAME, login, password, Pesel) values (149, '2000-08-16', 'Dulcea', 'Westerman', 'Dulcea Westerman', '$2a$12$Yv17VjvGgKVZ5PzdRtoZVebu/nnMaDld0PwMwoD.B7386OItBXPfC', '27512045154');
insert into PERSON (id, BirthDate, FIRSTNAME, LASTNAME, login, password, Pesel) values (150, '2004-05-05', 'Antonius', 'Makey', 'Antonius Makey', '$2a$12$Yv17VjvGgKVZ5PzdRtoZVebu/nnMaDld0PwMwoD.B7386OItBXPfC', '19661611187');
insert into PERSON (id, BirthDate, FIRSTNAME, LASTNAME, login, password, Pesel) values (151, '2005-03-17', 'Cathie', 'Jiggins', 'Cathie Jiggins', '$2a$12$Yv17VjvGgKVZ5PzdRtoZVebu/nnMaDld0PwMwoD.B7386OItBXPfC', '45252978606');
insert into PERSON (id, BirthDate, FIRSTNAME, LASTNAME, login, password, Pesel) values (152, '2002-08-30', 'Donalt', 'Ellum', 'Donalt Ellum', '$2a$12$Yv17VjvGgKVZ5PzdRtoZVebu/nnMaDld0PwMwoD.B7386OItBXPfC', '79595554993');
insert into PERSON (id, BirthDate, FIRSTNAME, LASTNAME, login, password, Pesel) values (153, '2002-05-06', 'Erwin', 'Petofi', 'Erwin Petofi', '$2a$12$Yv17VjvGgKVZ5PzdRtoZVebu/nnMaDld0PwMwoD.B7386OItBXPfC', '91281762323');
insert into PERSON (id, BirthDate, FIRSTNAME, LASTNAME, login, password, Pesel) values (154, '2002-12-19', 'Callida', 'Bausor', 'Callida Bausor', '$2a$12$Yv17VjvGgKVZ5PzdRtoZVebu/nnMaDld0PwMwoD.B7386OItBXPfC', '69132929066');
insert into PERSON (id, BirthDate, FIRSTNAME, LASTNAME, login, password, Pesel) values (155, '2002-09-06', 'Babbie', 'Gerin', 'Babbie Gerin', '$2a$12$Yv17VjvGgKVZ5PzdRtoZVebu/nnMaDld0PwMwoD.B7386OItBXPfC', '83316135121');
insert into PERSON (id, BirthDate, FIRSTNAME, LASTNAME, login, password, Pesel) values (156, '2001-04-26', 'Saunders', 'Runnett', 'Saunders Runnett', '$2a$12$Yv17VjvGgKVZ5PzdRtoZVebu/nnMaDld0PwMwoD.B7386OItBXPfC', '58580365184');
insert into PERSON (id, BirthDate, FIRSTNAME, LASTNAME, login, password, Pesel) values (157, '2003-03-09', 'Antonino', 'Sheed', 'Antonino Sheed', '$2a$12$Yv17VjvGgKVZ5PzdRtoZVebu/nnMaDld0PwMwoD.B7386OItBXPfC', '95767719119');
insert into PERSON (id, BirthDate, FIRSTNAME, LASTNAME, login, password, Pesel) values (158, '2001-01-27', 'Raina', 'Scutter', 'Raina Scutter', '$2a$12$Yv17VjvGgKVZ5PzdRtoZVebu/nnMaDld0PwMwoD.B7386OItBXPfC', '90078437072');
insert into PERSON (id, BirthDate, FIRSTNAME, LASTNAME, login, password, Pesel) values (159, '2001-03-04', 'Marylou', 'Blackaby', 'Marylou Blackaby', '$2a$12$Yv17VjvGgKVZ5PzdRtoZVebu/nnMaDld0PwMwoD.B7386OItBXPfC', '58557899409');
insert into PERSON (id, BirthDate, FIRSTNAME, LASTNAME, login, password, Pesel) values (160, '2004-01-12', 'Leesa', 'Friatt', 'Leesa Friatt', '$2a$12$Yv17VjvGgKVZ5PzdRtoZVebu/nnMaDld0PwMwoD.B7386OItBXPfC', '27796122601');
insert into PERSON (id, BirthDate, FIRSTNAME, LASTNAME, login, password, Pesel) values (161, '2001-03-12', 'Wilma', 'Avramovic', 'Wilma Avramovic', '$2a$12$Yv17VjvGgKVZ5PzdRtoZVebu/nnMaDld0PwMwoD.B7386OItBXPfC', '92411334673');
insert into PERSON (id, BirthDate, FIRSTNAME, LASTNAME, login, password, Pesel) values (162, '2003-02-02', 'Bari', 'Hebron', 'Bari Hebron', '$2a$12$Yv17VjvGgKVZ5PzdRtoZVebu/nnMaDld0PwMwoD.B7386OItBXPfC', '23593762565');
insert into PERSON (id, BirthDate, FIRSTNAME, LASTNAME, login, password, Pesel) values (163, '2000-06-16', 'Fancie', 'Pizey', 'Fancie Pizey', '$2a$12$Yv17VjvGgKVZ5PzdRtoZVebu/nnMaDld0PwMwoD.B7386OItBXPfC', '77379389909');
insert into PERSON (id, BirthDate, FIRSTNAME, LASTNAME, login, password, Pesel) values (164, '2002-07-28', 'Ronny', 'Stockin', 'Ronny Stockin', '$2a$12$Yv17VjvGgKVZ5PzdRtoZVebu/nnMaDld0PwMwoD.B7386OItBXPfC', '51806530383');
insert into PERSON (id, BirthDate, FIRSTNAME, LASTNAME, login, password, Pesel) values (165, '2000-06-02', 'Rivkah', 'Deegin', 'Rivkah Deegin', '$2a$12$Yv17VjvGgKVZ5PzdRtoZVebu/nnMaDld0PwMwoD.B7386OItBXPfC', '19181244873');
insert into PERSON (id, BirthDate, FIRSTNAME, LASTNAME, login, password, Pesel) values (166, '2001-11-30', 'Georgetta', 'Brehat', 'Georgetta Brehat', '$2a$12$Yv17VjvGgKVZ5PzdRtoZVebu/nnMaDld0PwMwoD.B7386OItBXPfC', '46028957945');
insert into PERSON (id, BirthDate, FIRSTNAME, LASTNAME, login, password, Pesel) values (167, '2003-01-31', 'Lyn', 'Eatock', 'Lyn Eatock', '$2a$12$Yv17VjvGgKVZ5PzdRtoZVebu/nnMaDld0PwMwoD.B7386OItBXPfC', '14593193879');
insert into PERSON (id, BirthDate, FIRSTNAME, LASTNAME, login, password, Pesel) values (168, '2001-07-19', 'Deerdre', 'Glandon', 'Deerdre Glandon', '$2a$12$Yv17VjvGgKVZ5PzdRtoZVebu/nnMaDld0PwMwoD.B7386OItBXPfC', '54337147178');
insert into PERSON (id, BirthDate, FIRSTNAME, LASTNAME, login, password, Pesel) values (169, '2001-12-17', 'Valery', 'Jagels', 'Valery Jagels', '$2a$12$Yv17VjvGgKVZ5PzdRtoZVebu/nnMaDld0PwMwoD.B7386OItBXPfC', '91046781123');
insert into PERSON (id, BirthDate, FIRSTNAME, LASTNAME, login, password, Pesel) values (170, '2001-06-24', 'Edythe', 'Parton', 'Edythe Parton', '$2a$12$Yv17VjvGgKVZ5PzdRtoZVebu/nnMaDld0PwMwoD.B7386OItBXPfC', '85474268227');
insert into PERSON (id, BirthDate, FIRSTNAME, LASTNAME, login, password, Pesel) values (171, '2003-03-20', 'Mallory', 'Waszczyk', 'Mallory Waszczyk', '$2a$12$Yv17VjvGgKVZ5PzdRtoZVebu/nnMaDld0PwMwoD.B7386OItBXPfC', '64955408389');
insert into PERSON (id, BirthDate, FIRSTNAME, LASTNAME, login, password, Pesel) values (172, '2001-11-06', 'Samaria', 'Eastment', 'Samaria Eastment', '$2a$12$Yv17VjvGgKVZ5PzdRtoZVebu/nnMaDld0PwMwoD.B7386OItBXPfC', '64379948981');
insert into PERSON (id, BirthDate, FIRSTNAME, LASTNAME, login, password, Pesel) values (173, '2004-05-19', 'Diana', 'Chillingsworth', 'Diana Chillingsworth', '$2a$12$Yv17VjvGgKVZ5PzdRtoZVebu/nnMaDld0PwMwoD.B7386OItBXPfC', '37847088890');
insert into PERSON (id, BirthDate, FIRSTNAME, LASTNAME, login, password, Pesel) values (174, '2004-08-17', 'Emlyn', 'Dast', 'Emlyn Dast', '$2a$12$Yv17VjvGgKVZ5PzdRtoZVebu/nnMaDld0PwMwoD.B7386OItBXPfC', '89066591151');
insert into PERSON (id, BirthDate, FIRSTNAME, LASTNAME, login, password, Pesel) values (175, '2002-02-01', 'Abbye', 'Marginson', 'Abbye Marginson', '$2a$12$Yv17VjvGgKVZ5PzdRtoZVebu/nnMaDld0PwMwoD.B7386OItBXPfC', '87559914076');
insert into PERSON (id, BirthDate, FIRSTNAME, LASTNAME, login, password, Pesel) values (176, '2003-12-13', 'Devlen', 'McGettigan', 'Devlen McGettigan', '$2a$12$Yv17VjvGgKVZ5PzdRtoZVebu/nnMaDld0PwMwoD.B7386OItBXPfC', '81879618274');
insert into PERSON (id, BirthDate, FIRSTNAME, LASTNAME, login, password, Pesel) values (177, '2002-08-09', 'Nels', 'Chaudrelle', 'Nels Chaudrelle', '$2a$12$Yv17VjvGgKVZ5PzdRtoZVebu/nnMaDld0PwMwoD.B7386OItBXPfC', '62446056756');
insert into PERSON (id, BirthDate, FIRSTNAME, LASTNAME, login, password, Pesel) values (178, '2001-06-23', 'Wright', 'Bausor', 'Wright Bausor', '$2a$12$Yv17VjvGgKVZ5PzdRtoZVebu/nnMaDld0PwMwoD.B7386OItBXPfC', '48833448093');
insert into PERSON (id, BirthDate, FIRSTNAME, LASTNAME, login, password, Pesel) values (179, '2000-06-02', 'Nadia', 'Coltan', 'Nadia Coltan', '$2a$12$Yv17VjvGgKVZ5PzdRtoZVebu/nnMaDld0PwMwoD.B7386OItBXPfC', '77598766870');
insert into PERSON (id, BirthDate, FIRSTNAME, LASTNAME, login, password, Pesel) values (180, '2002-02-18', 'Revkah', 'Chesshyre', 'Revkah Chesshyre', '$2a$12$Yv17VjvGgKVZ5PzdRtoZVebu/nnMaDld0PwMwoD.B7386OItBXPfC', '29237797646');
insert into SCHOOLCLASS (id, classyear, department, numberofstudents) values (1, 7, 'c', 15);
insert into SCHOOLCLASS (id, classyear, department, numberofstudents) values (2, 1, 'c', 15);
insert into SCHOOLCLASS (id, classyear, department, numberofstudents) values (3, 1, 'b', 15);
insert into SCHOOLCLASS (id, classyear, department, numberofstudents) values (4, 1, 'a', 15);
insert into SCHOOLCLASS (id, classyear, department, numberofstudents) values (5, 3, 'b', 15);
insert into SCHOOLCLASS (id, classyear, department, numberofstudents) values (6, 2, 'd', 15);
insert into SCHOOLCLASS (id, classyear, department, numberofstudents) values (7, 1, 'd', 15);
insert into SCHOOLCLASS (id, classyear, department, numberofstudents) values (8, 3, 'a', 15);
insert into SCHOOLCLASS (id, classyear, department, numberofstudents) values (9, 7, 'a', 15);
insert into SCHOOLCLASS (id, classyear, department, numberofstudents) values (10, 4, 'c', 15);
insert into STUDENT (id, MYCLASS_ID) values (31, 10);
insert into STUDENT (id, MYCLASS_ID) values (32, 10);
insert into STUDENT (id, MYCLASS_ID) values (33, 10);
insert into STUDENT (id, MYCLASS_ID) values (34, 10);
insert into STUDENT (id, MYCLASS_ID) values (35, 10);
insert into STUDENT (id, MYCLASS_ID) values (36, 10);
insert into STUDENT (id, MYCLASS_ID) values (37, 10);
insert into STUDENT (id, MYCLASS_ID) values (38, 10);
insert into STUDENT (id, MYCLASS_ID) values (39, 10);
insert into STUDENT (id, MYCLASS_ID) values (40, 10);
insert into STUDENT (id, MYCLASS_ID) values (41, 10);
insert into STUDENT (id, MYCLASS_ID) values (42, 10);
insert into STUDENT (id, MYCLASS_ID) values (43, 10);
insert into STUDENT (id, MYCLASS_ID) values (44, 10);
insert into STUDENT (id, MYCLASS_ID) values (45, 10);
insert into STUDENT (id, MYCLASS_ID) values (46, 1);
insert into STUDENT (id, MYCLASS_ID) values (47, 1);
insert into STUDENT (id, MYCLASS_ID) values (48, 1);
insert into STUDENT (id, MYCLASS_ID) values (49, 1);
insert into STUDENT (id, MYCLASS_ID) values (50, 1);
insert into STUDENT (id, MYCLASS_ID) values (51, 1);
insert into STUDENT (id, MYCLASS_ID) values (52, 1);
insert into STUDENT (id, MYCLASS_ID) values (53, 1);
insert into STUDENT (id, MYCLASS_ID) values (54, 1);
insert into STUDENT (id, MYCLASS_ID) values (55, 1);
insert into STUDENT (id, MYCLASS_ID) values (56, 1);
insert into STUDENT (id, MYCLASS_ID) values (57, 1);
insert into STUDENT (id, MYCLASS_ID) values (58, 1);
insert into STUDENT (id, MYCLASS_ID) values (59, 1);
insert into STUDENT (id, MYCLASS_ID) values (60, 1);
insert into STUDENT (id, MYCLASS_ID) values (61, 2);
insert into STUDENT (id, MYCLASS_ID) values (62, 2);
insert into STUDENT (id, MYCLASS_ID) values (63, 2);
insert into STUDENT (id, MYCLASS_ID) values (64, 2);
insert into STUDENT (id, MYCLASS_ID) values (65, 2);
insert into STUDENT (id, MYCLASS_ID) values (66, 2);
insert into STUDENT (id, MYCLASS_ID) values (67, 2);
insert into STUDENT (id, MYCLASS_ID) values (68, 2);
insert into STUDENT (id, MYCLASS_ID) values (69, 2);
insert into STUDENT (id, MYCLASS_ID) values (70, 2);
insert into STUDENT (id, MYCLASS_ID) values (71, 2);
insert into STUDENT (id, MYCLASS_ID) values (72, 2);
insert into STUDENT (id, MYCLASS_ID) values (73, 2);
insert into STUDENT (id, MYCLASS_ID) values (74, 2);
insert into STUDENT (id, MYCLASS_ID) values (75, 2);
insert into STUDENT (id, MYCLASS_ID) values (76, 3);
insert into STUDENT (id, MYCLASS_ID) values (77, 3);
insert into STUDENT (id, MYCLASS_ID) values (78, 3);
insert into STUDENT (id, MYCLASS_ID) values (79, 3);
insert into STUDENT (id, MYCLASS_ID) values (80, 3);
insert into STUDENT (id, MYCLASS_ID) values (81, 3);
insert into STUDENT (id, MYCLASS_ID) values (82, 3);
insert into STUDENT (id, MYCLASS_ID) values (83, 3);
insert into STUDENT (id, MYCLASS_ID) values (84, 3);
insert into STUDENT (id, MYCLASS_ID) values (85, 3);
insert into STUDENT (id, MYCLASS_ID) values (86, 3);
insert into STUDENT (id, MYCLASS_ID) values (87, 3);
insert into STUDENT (id, MYCLASS_ID) values (88, 3);
insert into STUDENT (id, MYCLASS_ID) values (89, 3);
insert into STUDENT (id, MYCLASS_ID) values (90, 3);
insert into STUDENT (id, MYCLASS_ID) values (91, 4);
insert into STUDENT (id, MYCLASS_ID) values (92, 4);
insert into STUDENT (id, MYCLASS_ID) values (93, 4);
insert into STUDENT (id, MYCLASS_ID) values (94, 4);
insert into STUDENT (id, MYCLASS_ID) values (95, 4);
insert into STUDENT (id, MYCLASS_ID) values (96, 4);
insert into STUDENT (id, MYCLASS_ID) values (97, 4);
insert into STUDENT (id, MYCLASS_ID) values (98, 4);
insert into STUDENT (id, MYCLASS_ID) values (99, 4);
insert into STUDENT (id, MYCLASS_ID) values (100, 4);
insert into STUDENT (id, MYCLASS_ID) values (101, 4);
insert into STUDENT (id, MYCLASS_ID) values (102, 4);
insert into STUDENT (id, MYCLASS_ID) values (103, 4);
insert into STUDENT (id, MYCLASS_ID) values (104, 4);
insert into STUDENT (id, MYCLASS_ID) values (105, 4);
insert into STUDENT (id, MYCLASS_ID) values (106, 5);
insert into STUDENT (id, MYCLASS_ID) values (107, 5);
insert into STUDENT (id, MYCLASS_ID) values (108, 5);
insert into STUDENT (id, MYCLASS_ID) values (109, 5);
insert into STUDENT (id, MYCLASS_ID) values (110, 5);
insert into STUDENT (id, MYCLASS_ID) values (111, 5);
insert into STUDENT (id, MYCLASS_ID) values (112, 5);
insert into STUDENT (id, MYCLASS_ID) values (113, 5);
insert into STUDENT (id, MYCLASS_ID) values (114, 5);
insert into STUDENT (id, MYCLASS_ID) values (115, 5);
insert into STUDENT (id, MYCLASS_ID) values (116, 5);
insert into STUDENT (id, MYCLASS_ID) values (117, 5);
insert into STUDENT (id, MYCLASS_ID) values (118, 5);
insert into STUDENT (id, MYCLASS_ID) values (119, 5);
insert into STUDENT (id, MYCLASS_ID) values (120, 5);
insert into STUDENT (id, MYCLASS_ID) values (121, 6);
insert into STUDENT (id, MYCLASS_ID) values (122, 6);
insert into STUDENT (id, MYCLASS_ID) values (123, 6);
insert into STUDENT (id, MYCLASS_ID) values (124, 6);
insert into STUDENT (id, MYCLASS_ID) values (125, 6);
insert into STUDENT (id, MYCLASS_ID) values (126, 6);
insert into STUDENT (id, MYCLASS_ID) values (127, 6);
insert into STUDENT (id, MYCLASS_ID) values (128, 6);
insert into STUDENT (id, MYCLASS_ID) values (129, 6);
insert into STUDENT (id, MYCLASS_ID) values (130, 6);
insert into STUDENT (id, MYCLASS_ID) values (131, 6);
insert into STUDENT (id, MYCLASS_ID) values (132, 6);
insert into STUDENT (id, MYCLASS_ID) values (133, 6);
insert into STUDENT (id, MYCLASS_ID) values (134, 6);
insert into STUDENT (id, MYCLASS_ID) values (135, 6);
insert into STUDENT (id, MYCLASS_ID) values (136, 7);
insert into STUDENT (id, MYCLASS_ID) values (137, 7);
insert into STUDENT (id, MYCLASS_ID) values (138, 7);
insert into STUDENT (id, MYCLASS_ID) values (139, 7);
insert into STUDENT (id, MYCLASS_ID) values (140, 7);
insert into STUDENT (id, MYCLASS_ID) values (141, 7);
insert into STUDENT (id, MYCLASS_ID) values (142, 7);
insert into STUDENT (id, MYCLASS_ID) values (143, 7);
insert into STUDENT (id, MYCLASS_ID) values (144, 7);
insert into STUDENT (id, MYCLASS_ID) values (145, 7);
insert into STUDENT (id, MYCLASS_ID) values (146, 7);
insert into STUDENT (id, MYCLASS_ID) values (147, 7);
insert into STUDENT (id, MYCLASS_ID) values (148, 7);
insert into STUDENT (id, MYCLASS_ID) values (149, 7);
insert into STUDENT (id, MYCLASS_ID) values (150, 7);
insert into STUDENT (id, MYCLASS_ID) values (151, 8);
insert into STUDENT (id, MYCLASS_ID) values (152, 8);
insert into STUDENT (id, MYCLASS_ID) values (153, 8);
insert into STUDENT (id, MYCLASS_ID) values (154, 8);
insert into STUDENT (id, MYCLASS_ID) values (155, 8);
insert into STUDENT (id, MYCLASS_ID) values (156, 8);
insert into STUDENT (id, MYCLASS_ID) values (157, 8);
insert into STUDENT (id, MYCLASS_ID) values (158, 8);
insert into STUDENT (id, MYCLASS_ID) values (159, 8);
insert into STUDENT (id, MYCLASS_ID) values (160, 8);
insert into STUDENT (id, MYCLASS_ID) values (161, 8);
insert into STUDENT (id, MYCLASS_ID) values (162, 8);
insert into STUDENT (id, MYCLASS_ID) values (163, 8);
insert into STUDENT (id, MYCLASS_ID) values (164, 8);
insert into STUDENT (id, MYCLASS_ID) values (165, 8);
insert into STUDENT (id, MYCLASS_ID) values (166, 9);
insert into STUDENT (id, MYCLASS_ID) values (167, 9);
insert into STUDENT (id, MYCLASS_ID) values (168, 9);
insert into STUDENT (id, MYCLASS_ID) values (169, 9);
insert into STUDENT (id, MYCLASS_ID) values (170, 9);
insert into STUDENT (id, MYCLASS_ID) values (171, 9);
insert into STUDENT (id, MYCLASS_ID) values (172, 9);
insert into STUDENT (id, MYCLASS_ID) values (173, 9);
insert into STUDENT (id, MYCLASS_ID) values (174, 9);
insert into STUDENT (id, MYCLASS_ID) values (175, 9);
insert into STUDENT (id, MYCLASS_ID) values (176, 9);
insert into STUDENT (id, MYCLASS_ID) values (177, 9);
insert into STUDENT (id, MYCLASS_ID) values (178, 9);
insert into STUDENT (id, MYCLASS_ID) values (179, 9);
insert into STUDENT (id, MYCLASS_ID) values (180, 9);
insert into TEACHER (id, MYCLASS_ID, title) values (1, 1, 'Mr');
insert into TEACHER (id, MYCLASS_ID, title) values (2, 2, 'Honorable');
insert into TEACHER (id, MYCLASS_ID, title) values (3, 3, 'Ms');
insert into TEACHER (id, MYCLASS_ID, title) values (4, 4, 'Rev');
insert into TEACHER (id, MYCLASS_ID, title) values (5, 5, 'Mr');
insert into TEACHER (id, MYCLASS_ID, title) values (6, 6, 'Dr');
insert into TEACHER (id, MYCLASS_ID, title) values (7, 7, 'Rev');
insert into TEACHER (id, MYCLASS_ID, title) values (8, 8, 'Mr');
insert into TEACHER (id, MYCLASS_ID, title) values (9, 9, 'Dr');
insert into TEACHER (id, MYCLASS_ID, title) values (10, 10, 'Mrs');
insert into TEACHER (id, MYCLASS_ID, title) values (11, null, 'Mr');
insert into TEACHER (id, MYCLASS_ID, title) values (12, null, 'Mrs');
insert into TEACHER (id, MYCLASS_ID, title) values (13, null, 'Mr');
insert into TEACHER (id, MYCLASS_ID, title) values (14, null, 'Mr');
insert into TEACHER (id, MYCLASS_ID, title) values (15, null, 'Dr');
insert into TEACHER (id, MYCLASS_ID, title) values (16, null, 'Rev');
insert into TEACHER (id, MYCLASS_ID, title) values (17, null, 'Honorable');
insert into TEACHER (id, MYCLASS_ID, title) values (18, null, 'Mr');
insert into TEACHER (id, MYCLASS_ID, title) values (19, null, 'Rev');
insert into TEACHER (id, MYCLASS_ID, title) values (20, null, 'Ms');
insert into TEACHER (id, MYCLASS_ID, title) values (21, null, 'Mrs');
insert into TEACHER (id, MYCLASS_ID, title) values (22, null, 'Mrs');
insert into TEACHER (id, MYCLASS_ID, title) values (23, null, 'Dr');
insert into TEACHER (id, MYCLASS_ID, title) values (24, null, 'Ms');
insert into TEACHER (id, MYCLASS_ID, title) values (25, null, 'Mrs');
insert into TEACHER (id, MYCLASS_ID, title) values (26, null, 'Mr');
insert into TEACHER (id, MYCLASS_ID, title) values (27, null, 'Ms');
insert into TEACHER (id, MYCLASS_ID, title) values (28, null, 'Mrs');
insert into TEACHER (id, MYCLASS_ID, title) values (29, null, 'Honorable');
insert into TEACHER (id, MYCLASS_ID, title) values (30, null, 'Rev');

insert into SUBJECT (id, TEACHER_ID, name) values (1,  1, 'Math');
insert into SUBJECT (id, TEACHER_ID, name) values (2,  2, 'Physics');
insert into SUBJECT (id, TEACHER_ID, name) values (3,  3, 'Chemistry');
insert into SUBJECT (id, TEACHER_ID, name) values (4,  4, 'Biology');
insert into SUBJECT (id, TEACHER_ID, name) values (5,  5, 'PE');
insert into SUBJECT (id, TEACHER_ID, name) values (6,  6, 'English');
insert into SUBJECT (id, TEACHER_ID, name) values (7,  7, 'Polish');
insert into SUBJECT (id, TEACHER_ID, name) values (8,  8, 'Spanish');
insert into SUBJECT (id, TEACHER_ID, name) values (9,  9, 'Computer Science');
insert into SUBJECT (id, TEACHER_ID, name) values (10, 10, 'Music');
insert into SUBJECT (id, TEACHER_ID, name) values (11, 11, 'History');
insert into SUBJECT (id, TEACHER_ID, name) values (12, 12, 'Geography');
insert into SUBJECT (id, TEACHER_ID, name) values (13, 13, 'German');
insert into SUBJECT (id, TEACHER_ID, name) values (14, 14, 'Plasticity');
insert into SUBJECT (id, TEACHER_ID, name) values (15, 15, 'Technique');
insert into SUBJECT (id, TEACHER_ID, name) values (16, 16, 'Math');
insert into SUBJECT (id, TEACHER_ID, name) values (17, 17, 'Physics');
insert into SUBJECT (id, TEACHER_ID, name) values (18, 18, 'Chemistry');
insert into SUBJECT (id, TEACHER_ID, name) values (19, 19, 'Biology');
insert into SUBJECT (id, TEACHER_ID, name) values (20, 20, 'PE');
insert into SUBJECT (id, TEACHER_ID, name) values (21, 21, 'English');
insert into SUBJECT (id, TEACHER_ID, name) values (22, 22, 'Polish');
insert into SUBJECT (id, TEACHER_ID, name) values (23, 23, 'Spanish');
insert into SUBJECT (id, TEACHER_ID, name) values (24, 24, 'Computer Science');
insert into SUBJECT (id, TEACHER_ID, name) values (25, 25, 'Music');
insert into SUBJECT (id, TEACHER_ID, name) values (26, 26, 'History');
insert into SUBJECT (id, TEACHER_ID, name) values (27, 27, 'Geography');
insert into SUBJECT (id, TEACHER_ID, name) values (28, 28, 'German');
insert into SUBJECT (id, TEACHER_ID, name) values (29, 29, 'Plasticity');
insert into SUBJECT (id, TEACHER_ID, name) values (30, 30, 'Technique');

insert into GRADE (id, mark, subject_id, student_id) values (1, 6, 8, 104);
insert into GRADE (id, mark, subject_id, student_id) values (2, 4, 29, 152);
insert into GRADE (id, mark, subject_id, student_id) values (3, 5, 17, 172);
insert into GRADE (id, mark, subject_id, student_id) values (4, 5, 11, 40);
insert into GRADE (id, mark, subject_id, student_id) values (5, 4, 5, 73);
insert into GRADE (id, mark, subject_id, student_id) values (6, 5, 6, 175);
insert into GRADE (id, mark, subject_id, student_id) values (7, 5, 3, 139);
insert into GRADE (id, mark, subject_id, student_id) values (8, 3, 29, 156);
insert into GRADE (id, mark, subject_id, student_id) values (9, 5, 20, 103);
insert into GRADE (id, mark, subject_id, student_id) values (10, 5, 25, 152);
insert into GRADE (id, mark, subject_id, student_id) values (11, 4, 25, 95);
insert into GRADE (id, mark, subject_id, student_id) values (12, 3, 20, 72);
insert into GRADE (id, mark, subject_id, student_id) values (13, 1, 7, 88);
insert into GRADE (id, mark, subject_id, student_id) values (14, 2, 8, 172);
insert into GRADE (id, mark, subject_id, student_id) values (15, 2, 24, 103);
insert into GRADE (id, mark, subject_id, student_id) values (16, 6, 2, 147);
insert into GRADE (id, mark, subject_id, student_id) values (17, 1, 19, 73);
insert into GRADE (id, mark, subject_id, student_id) values (18, 1, 13, 144);
insert into GRADE (id, mark, subject_id, student_id) values (19, 3, 29, 83);
insert into GRADE (id, mark, subject_id, student_id) values (20, 4, 25, 167);
insert into GRADE (id, mark, subject_id, student_id) values (21, 6, 6, 131);
insert into GRADE (id, mark, subject_id, student_id) values (22, 2, 27, 74);
insert into GRADE (id, mark, subject_id, student_id) values (23, 4, 14, 146);
insert into GRADE (id, mark, subject_id, student_id) values (24, 5, 27, 68);
insert into GRADE (id, mark, subject_id, student_id) values (25, 4, 7, 61);
insert into GRADE (id, mark, subject_id, student_id) values (26, 6, 27, 116);
insert into GRADE (id, mark, subject_id, student_id) values (27, 1, 24, 128);
insert into GRADE (id, mark, subject_id, student_id) values (28, 5, 23, 94);
insert into GRADE (id, mark, subject_id, student_id) values (29, 3, 26, 67);
insert into GRADE (id, mark, subject_id, student_id) values (30, 2, 21, 109);
insert into GRADE (id, mark, subject_id, student_id) values (31, 2, 28, 104);
insert into GRADE (id, mark, subject_id, student_id) values (32, 1, 4, 80);
insert into GRADE (id, mark, subject_id, student_id) values (33, 5, 15, 127);
insert into GRADE (id, mark, subject_id, student_id) values (34, 6, 29, 177);
insert into GRADE (id, mark, subject_id, student_id) values (35, 2, 21, 95);
insert into GRADE (id, mark, subject_id, student_id) values (36, 3, 13, 115);
insert into GRADE (id, mark, subject_id, student_id) values (37, 6, 22, 165);
insert into GRADE (id, mark, subject_id, student_id) values (38, 2, 1, 84);
insert into GRADE (id, mark, subject_id, student_id) values (39, 4, 29, 38);
insert into GRADE (id, mark, subject_id, student_id) values (40, 3, 13, 173);
insert into GRADE (id, mark, subject_id, student_id) values (41, 1, 8, 42);
insert into GRADE (id, mark, subject_id, student_id) values (42, 6, 3, 80);
insert into GRADE (id, mark, subject_id, student_id) values (43, 4, 9, 159);
insert into GRADE (id, mark, subject_id, student_id) values (44, 5, 4, 125);
insert into GRADE (id, mark, subject_id, student_id) values (45, 2, 4, 49);
insert into GRADE (id, mark, subject_id, student_id) values (46, 2, 25, 94);
insert into GRADE (id, mark, subject_id, student_id) values (47, 2, 25, 101);
insert into GRADE (id, mark, subject_id, student_id) values (48, 6, 26, 81);
insert into GRADE (id, mark, subject_id, student_id) values (49, 5, 14, 46);
insert into GRADE (id, mark, subject_id, student_id) values (50, 5, 9, 31);
insert into GRADE (id, mark, subject_id, student_id) values (51, 5, 25, 56);
insert into GRADE (id, mark, subject_id, student_id) values (52, 2, 23, 38);
insert into GRADE (id, mark, subject_id, student_id) values (53, 1, 12, 99);
insert into GRADE (id, mark, subject_id, student_id) values (54, 4, 30, 106);
insert into GRADE (id, mark, subject_id, student_id) values (55, 6, 9, 77);
insert into GRADE (id, mark, subject_id, student_id) values (56, 1, 5, 138);
insert into GRADE (id, mark, subject_id, student_id) values (57, 2, 27, 32);
insert into GRADE (id, mark, subject_id, student_id) values (58, 5, 11, 102);
insert into GRADE (id, mark, subject_id, student_id) values (59, 4, 21, 173);
insert into GRADE (id, mark, subject_id, student_id) values (60, 2, 13, 143);
insert into GRADE (id, mark, subject_id, student_id) values (61, 5, 17, 54);
insert into GRADE (id, mark, subject_id, student_id) values (62, 6, 13, 141);
insert into GRADE (id, mark, subject_id, student_id) values (63, 6, 16, 79);
insert into GRADE (id, mark, subject_id, student_id) values (64, 4, 4, 98);
insert into GRADE (id, mark, subject_id, student_id) values (65, 5, 14, 88);
insert into GRADE (id, mark, subject_id, student_id) values (66, 3, 13, 43);
insert into GRADE (id, mark, subject_id, student_id) values (67, 5, 7, 57);
insert into GRADE (id, mark, subject_id, student_id) values (68, 3, 30, 149);
insert into GRADE (id, mark, subject_id, student_id) values (69, 2, 21, 105);
insert into GRADE (id, mark, subject_id, student_id) values (70, 1, 7, 105);
insert into GRADE (id, mark, subject_id, student_id) values (71, 3, 11, 156);
insert into GRADE (id, mark, subject_id, student_id) values (72, 4, 15, 140);
insert into GRADE (id, mark, subject_id, student_id) values (73, 1, 22, 133);
insert into GRADE (id, mark, subject_id, student_id) values (74, 5, 26, 139);
insert into GRADE (id, mark, subject_id, student_id) values (75, 5, 2, 36);
insert into GRADE (id, mark, subject_id, student_id) values (76, 5, 2, 76);
insert into GRADE (id, mark, subject_id, student_id) values (77, 3, 26, 133);
insert into GRADE (id, mark, subject_id, student_id) values (78, 3, 27, 180);
insert into GRADE (id, mark, subject_id, student_id) values (79, 3, 14, 154);
insert into GRADE (id, mark, subject_id, student_id) values (80, 3, 13, 149);
insert into GRADE (id, mark, subject_id, student_id) values (81, 6, 18, 135);
insert into GRADE (id, mark, subject_id, student_id) values (82, 4, 11, 161);
insert into GRADE (id, mark, subject_id, student_id) values (83, 4, 27, 160);
insert into GRADE (id, mark, subject_id, student_id) values (84, 4, 22, 65);
insert into GRADE (id, mark, subject_id, student_id) values (85, 6, 30, 75);
insert into GRADE (id, mark, subject_id, student_id) values (86, 3, 10, 102);
insert into GRADE (id, mark, subject_id, student_id) values (87, 5, 15, 90);
insert into GRADE (id, mark, subject_id, student_id) values (88, 2, 21, 138);
insert into GRADE (id, mark, subject_id, student_id) values (89, 4, 21, 58);
insert into GRADE (id, mark, subject_id, student_id) values (90, 1, 4, 43);
insert into GRADE (id, mark, subject_id, student_id) values (91, 4, 30, 36);
insert into GRADE (id, mark, subject_id, student_id) values (92, 3, 25, 135);
insert into GRADE (id, mark, subject_id, student_id) values (93, 2, 28, 63);
insert into GRADE (id, mark, subject_id, student_id) values (94, 1, 17, 107);
insert into GRADE (id, mark, subject_id, student_id) values (95, 2, 12, 163);
insert into GRADE (id, mark, subject_id, student_id) values (96, 1, 15, 175);
insert into GRADE (id, mark, subject_id, student_id) values (97, 1, 6, 44);
insert into GRADE (id, mark, subject_id, student_id) values (98, 6, 9, 68);
insert into GRADE (id, mark, subject_id, student_id) values (99, 3, 4, 47);
insert into GRADE (id, mark, subject_id, student_id) values (100, 3, 8, 129);
insert into GRADE (id, mark, subject_id, student_id) values (101, 5, 16, 171);
insert into GRADE (id, mark, subject_id, student_id) values (102, 5, 6, 53);
insert into GRADE (id, mark, subject_id, student_id) values (103, 4, 8, 85);
insert into GRADE (id, mark, subject_id, student_id) values (104, 3, 17, 93);
insert into GRADE (id, mark, subject_id, student_id) values (105, 6, 5, 159);
insert into GRADE (id, mark, subject_id, student_id) values (106, 2, 7, 55);
insert into GRADE (id, mark, subject_id, student_id) values (107, 2, 7, 48);
insert into GRADE (id, mark, subject_id, student_id) values (108, 3, 26, 96);
insert into GRADE (id, mark, subject_id, student_id) values (109, 4, 9, 157);
insert into GRADE (id, mark, subject_id, student_id) values (110, 6, 23, 45);
insert into GRADE (id, mark, subject_id, student_id) values (111, 5, 21, 51);
insert into GRADE (id, mark, subject_id, student_id) values (112, 5, 11, 149);
insert into GRADE (id, mark, subject_id, student_id) values (113, 5, 30, 101);
insert into GRADE (id, mark, subject_id, student_id) values (114, 3, 10, 165);
insert into GRADE (id, mark, subject_id, student_id) values (115, 3, 11, 125);
insert into GRADE (id, mark, subject_id, student_id) values (116, 5, 7, 75);
insert into GRADE (id, mark, subject_id, student_id) values (117, 3, 14, 92);
insert into GRADE (id, mark, subject_id, student_id) values (118, 3, 21, 65);
insert into GRADE (id, mark, subject_id, student_id) values (119, 6, 29, 120);
insert into GRADE (id, mark, subject_id, student_id) values (120, 2, 23, 83);
insert into GRADE (id, mark, subject_id, student_id) values (121, 5, 24, 85);
insert into GRADE (id, mark, subject_id, student_id) values (122, 5, 2, 76);
insert into GRADE (id, mark, subject_id, student_id) values (123, 2, 10, 39);
insert into GRADE (id, mark, subject_id, student_id) values (124, 5, 12, 121);
insert into GRADE (id, mark, subject_id, student_id) values (125, 1, 22, 134);
insert into GRADE (id, mark, subject_id, student_id) values (126, 6, 30, 100);
insert into GRADE (id, mark, subject_id, student_id) values (127, 6, 30, 100);
insert into GRADE (id, mark, subject_id, student_id) values (128, 4, 3, 41);
insert into GRADE (id, mark, subject_id, student_id) values (129, 4, 7, 36);
insert into GRADE (id, mark, subject_id, student_id) values (130, 6, 11, 159);
insert into GRADE (id, mark, subject_id, student_id) values (131, 4, 10, 119);
insert into GRADE (id, mark, subject_id, student_id) values (132, 2, 3, 111);
insert into GRADE (id, mark, subject_id, student_id) values (133, 2, 15, 102);
insert into GRADE (id, mark, subject_id, student_id) values (134, 4, 17, 105);
insert into GRADE (id, mark, subject_id, student_id) values (135, 1, 27, 152);
insert into GRADE (id, mark, subject_id, student_id) values (136, 4, 18, 134);
insert into GRADE (id, mark, subject_id, student_id) values (137, 5, 14, 63);
insert into GRADE (id, mark, subject_id, student_id) values (138, 3, 8, 62);
insert into GRADE (id, mark, subject_id, student_id) values (139, 4, 20, 34);
insert into GRADE (id, mark, subject_id, student_id) values (140, 3, 16, 135);
insert into GRADE (id, mark, subject_id, student_id) values (141, 1, 23, 56);
insert into GRADE (id, mark, subject_id, student_id) values (142, 4, 26, 176);
insert into GRADE (id, mark, subject_id, student_id) values (143, 4, 8, 83);
insert into GRADE (id, mark, subject_id, student_id) values (144, 2, 27, 127);
insert into GRADE (id, mark, subject_id, student_id) values (145, 6, 15, 77);
insert into GRADE (id, mark, subject_id, student_id) values (146, 1, 24, 94);
insert into GRADE (id, mark, subject_id, student_id) values (147, 1, 24, 50);
insert into GRADE (id, mark, subject_id, student_id) values (148, 1, 30, 41);
insert into GRADE (id, mark, subject_id, student_id) values (149, 2, 19, 128);
insert into GRADE (id, mark, subject_id, student_id) values (150, 4, 22, 37);
insert into GRADE (id, mark, subject_id, student_id) values (151, 3, 13, 148);
insert into GRADE (id, mark, subject_id, student_id) values (152, 4, 20, 76);
insert into GRADE (id, mark, subject_id, student_id) values (153, 5, 29, 81);
insert into GRADE (id, mark, subject_id, student_id) values (154, 5, 7, 57);
insert into GRADE (id, mark, subject_id, student_id) values (155, 3, 13, 50);
insert into GRADE (id, mark, subject_id, student_id) values (156, 5, 9, 152);
insert into GRADE (id, mark, subject_id, student_id) values (157, 5, 9, 49);
insert into GRADE (id, mark, subject_id, student_id) values (158, 2, 23, 81);
insert into GRADE (id, mark, subject_id, student_id) values (159, 1, 1, 58);
insert into GRADE (id, mark, subject_id, student_id) values (160, 1, 9, 156);
insert into GRADE (id, mark, subject_id, student_id) values (161, 2, 5, 173);
insert into GRADE (id, mark, subject_id, student_id) values (162, 4, 16, 72);
insert into GRADE (id, mark, subject_id, student_id) values (163, 5, 6, 50);
insert into GRADE (id, mark, subject_id, student_id) values (164, 2, 30, 173);
insert into GRADE (id, mark, subject_id, student_id) values (165, 2, 26, 98);
insert into GRADE (id, mark, subject_id, student_id) values (166, 5, 17, 33);
insert into GRADE (id, mark, subject_id, student_id) values (167, 6, 4, 145);
insert into GRADE (id, mark, subject_id, student_id) values (168, 1, 2, 71);
insert into GRADE (id, mark, subject_id, student_id) values (169, 6, 8, 102);
insert into GRADE (id, mark, subject_id, student_id) values (170, 5, 27, 160);
insert into GRADE (id, mark, subject_id, student_id) values (171, 2, 29, 119);
insert into GRADE (id, mark, subject_id, student_id) values (172, 2, 8, 140);
insert into GRADE (id, mark, subject_id, student_id) values (173, 2, 6, 126);
insert into GRADE (id, mark, subject_id, student_id) values (174, 5, 13, 109);
insert into GRADE (id, mark, subject_id, student_id) values (175, 1, 12, 167);
insert into GRADE (id, mark, subject_id, student_id) values (176, 4, 30, 104);
insert into GRADE (id, mark, subject_id, student_id) values (177, 1, 2, 66);
insert into GRADE (id, mark, subject_id, student_id) values (178, 2, 11, 33);
insert into GRADE (id, mark, subject_id, student_id) values (179, 4, 15, 136);
insert into GRADE (id, mark, subject_id, student_id) values (180, 3, 27, 133);
insert into GRADE (id, mark, subject_id, student_id) values (181, 6, 27, 131);
insert into GRADE (id, mark, subject_id, student_id) values (182, 5, 12, 76);
insert into GRADE (id, mark, subject_id, student_id) values (183, 5, 11, 131);
insert into GRADE (id, mark, subject_id, student_id) values (184, 6, 16, 180);
insert into GRADE (id, mark, subject_id, student_id) values (185, 6, 24, 145);
insert into GRADE (id, mark, subject_id, student_id) values (186, 6, 27, 45);
insert into GRADE (id, mark, subject_id, student_id) values (187, 5, 2, 88);
insert into GRADE (id, mark, subject_id, student_id) values (188, 2, 25, 158);
insert into GRADE (id, mark, subject_id, student_id) values (189, 5, 12, 150);
insert into GRADE (id, mark, subject_id, student_id) values (190, 1, 28, 120);
insert into GRADE (id, mark, subject_id, student_id) values (191, 5, 8, 76);
insert into GRADE (id, mark, subject_id, student_id) values (192, 1, 22, 113);
insert into GRADE (id, mark, subject_id, student_id) values (193, 5, 14, 132);
insert into GRADE (id, mark, subject_id, student_id) values (194, 5, 15, 40);
insert into GRADE (id, mark, subject_id, student_id) values (195, 2, 23, 141);
insert into GRADE (id, mark, subject_id, student_id) values (196, 3, 24, 82);
insert into GRADE (id, mark, subject_id, student_id) values (197, 4, 13, 155);
insert into GRADE (id, mark, subject_id, student_id) values (198, 2, 22, 65);
insert into GRADE (id, mark, subject_id, student_id) values (199, 5, 11, 94);
insert into GRADE (id, mark, subject_id, student_id) values (200, 1, 21, 72);
insert into GRADE (id, mark, subject_id, student_id) values (201, 3, 7, 132);
insert into GRADE (id, mark, subject_id, student_id) values (202, 3, 14, 82);
insert into GRADE (id, mark, subject_id, student_id) values (203, 6, 30, 142);
insert into GRADE (id, mark, subject_id, student_id) values (204, 4, 5, 126);
insert into GRADE (id, mark, subject_id, student_id) values (205, 2, 21, 144);
insert into GRADE (id, mark, subject_id, student_id) values (206, 3, 19, 116);
insert into GRADE (id, mark, subject_id, student_id) values (207, 3, 13, 57);
insert into GRADE (id, mark, subject_id, student_id) values (208, 1, 12, 114);
insert into GRADE (id, mark, subject_id, student_id) values (209, 3, 23, 43);
insert into GRADE (id, mark, subject_id, student_id) values (210, 3, 8, 137);
insert into GRADE (id, mark, subject_id, student_id) values (211, 3, 16, 166);
insert into GRADE (id, mark, subject_id, student_id) values (212, 2, 23, 169);
insert into GRADE (id, mark, subject_id, student_id) values (213, 3, 7, 109);
insert into GRADE (id, mark, subject_id, student_id) values (214, 6, 25, 146);
insert into GRADE (id, mark, subject_id, student_id) values (215, 4, 3, 169);
insert into GRADE (id, mark, subject_id, student_id) values (216, 6, 17, 126);
insert into GRADE (id, mark, subject_id, student_id) values (217, 1, 24, 170);
insert into GRADE (id, mark, subject_id, student_id) values (218, 4, 23, 87);
insert into GRADE (id, mark, subject_id, student_id) values (219, 1, 28, 105);
insert into GRADE (id, mark, subject_id, student_id) values (220, 2, 27, 79);
insert into GRADE (id, mark, subject_id, student_id) values (221, 2, 10, 145);
insert into GRADE (id, mark, subject_id, student_id) values (222, 6, 18, 35);
insert into GRADE (id, mark, subject_id, student_id) values (223, 3, 14, 148);
insert into GRADE (id, mark, subject_id, student_id) values (224, 6, 1, 52);
insert into GRADE (id, mark, subject_id, student_id) values (225, 4, 18, 132);
insert into GRADE (id, mark, subject_id, student_id) values (226, 4, 7, 88);
insert into GRADE (id, mark, subject_id, student_id) values (227, 3, 19, 67);
insert into GRADE (id, mark, subject_id, student_id) values (228, 5, 27, 99);
insert into GRADE (id, mark, subject_id, student_id) values (229, 3, 16, 69);
insert into GRADE (id, mark, subject_id, student_id) values (230, 4, 16, 39);
insert into GRADE (id, mark, subject_id, student_id) values (231, 5, 10, 126);
insert into GRADE (id, mark, subject_id, student_id) values (232, 4, 10, 171);
insert into GRADE (id, mark, subject_id, student_id) values (233, 1, 7, 167);
insert into GRADE (id, mark, subject_id, student_id) values (234, 1, 22, 133);
insert into GRADE (id, mark, subject_id, student_id) values (235, 5, 6, 73);
insert into GRADE (id, mark, subject_id, student_id) values (236, 5, 23, 146);
insert into GRADE (id, mark, subject_id, student_id) values (237, 6, 4, 83);
insert into GRADE (id, mark, subject_id, student_id) values (238, 2, 13, 105);
insert into GRADE (id, mark, subject_id, student_id) values (239, 1, 12, 139);
insert into GRADE (id, mark, subject_id, student_id) values (240, 2, 18, 121);
insert into GRADE (id, mark, subject_id, student_id) values (241, 6, 19, 134);
insert into GRADE (id, mark, subject_id, student_id) values (242, 6, 4, 63);
insert into GRADE (id, mark, subject_id, student_id) values (243, 4, 3, 41);
insert into GRADE (id, mark, subject_id, student_id) values (244, 3, 15, 141);
insert into GRADE (id, mark, subject_id, student_id) values (245, 1, 14, 58);
insert into GRADE (id, mark, subject_id, student_id) values (246, 6, 23, 144);
insert into GRADE (id, mark, subject_id, student_id) values (247, 5, 16, 166);
insert into GRADE (id, mark, subject_id, student_id) values (248, 3, 11, 37);
insert into GRADE (id, mark, subject_id, student_id) values (249, 1, 29, 94);
insert into GRADE (id, mark, subject_id, student_id) values (250, 6, 13, 130);
insert into GRADE (id, mark, subject_id, student_id) values (251, 6, 5, 180);
insert into GRADE (id, mark, subject_id, student_id) values (252, 5, 24, 68);
insert into GRADE (id, mark, subject_id, student_id) values (253, 4, 19, 101);
insert into GRADE (id, mark, subject_id, student_id) values (254, 3, 19, 118);
insert into GRADE (id, mark, subject_id, student_id) values (255, 6, 1, 62);
insert into GRADE (id, mark, subject_id, student_id) values (256, 5, 10, 126);
insert into GRADE (id, mark, subject_id, student_id) values (257, 4, 10, 34);
insert into GRADE (id, mark, subject_id, student_id) values (258, 3, 17, 173);
insert into GRADE (id, mark, subject_id, student_id) values (259, 4, 24, 75);
insert into GRADE (id, mark, subject_id, student_id) values (260, 4, 18, 96);
insert into GRADE (id, mark, subject_id, student_id) values (261, 1, 12, 69);
insert into GRADE (id, mark, subject_id, student_id) values (262, 1, 4, 92);
insert into GRADE (id, mark, subject_id, student_id) values (263, 6, 26, 104);
insert into GRADE (id, mark, subject_id, student_id) values (264, 6, 29, 157);
insert into GRADE (id, mark, subject_id, student_id) values (265, 2, 26, 108);
insert into GRADE (id, mark, subject_id, student_id) values (266, 6, 16, 168);
insert into GRADE (id, mark, subject_id, student_id) values (267, 5, 28, 140);
insert into GRADE (id, mark, subject_id, student_id) values (268, 5, 12, 51);
insert into GRADE (id, mark, subject_id, student_id) values (269, 1, 8, 121);
insert into GRADE (id, mark, subject_id, student_id) values (270, 6, 10, 153);
insert into GRADE (id, mark, subject_id, student_id) values (271, 5, 30, 170);
insert into GRADE (id, mark, subject_id, student_id) values (272, 2, 28, 160);
insert into GRADE (id, mark, subject_id, student_id) values (273, 2, 26, 32);
insert into GRADE (id, mark, subject_id, student_id) values (274, 6, 24, 115);
insert into GRADE (id, mark, subject_id, student_id) values (275, 3, 6, 32);
insert into GRADE (id, mark, subject_id, student_id) values (276, 1, 22, 169);
insert into GRADE (id, mark, subject_id, student_id) values (277, 2, 15, 85);
insert into GRADE (id, mark, subject_id, student_id) values (278, 1, 1, 108);
insert into GRADE (id, mark, subject_id, student_id) values (279, 5, 13, 66);
insert into GRADE (id, mark, subject_id, student_id) values (280, 6, 17, 153);
insert into GRADE (id, mark, subject_id, student_id) values (281, 6, 2, 99);
insert into GRADE (id, mark, subject_id, student_id) values (282, 6, 13, 91);
insert into GRADE (id, mark, subject_id, student_id) values (283, 4, 25, 43);
insert into GRADE (id, mark, subject_id, student_id) values (284, 4, 14, 119);
insert into GRADE (id, mark, subject_id, student_id) values (285, 3, 19, 168);
insert into GRADE (id, mark, subject_id, student_id) values (286, 1, 20, 155);
insert into GRADE (id, mark, subject_id, student_id) values (287, 6, 7, 95);
insert into GRADE (id, mark, subject_id, student_id) values (288, 6, 7, 49);
insert into GRADE (id, mark, subject_id, student_id) values (289, 4, 5, 96);
insert into GRADE (id, mark, subject_id, student_id) values (290, 6, 3, 112);
insert into GRADE (id, mark, subject_id, student_id) values (291, 6, 12, 131);
insert into GRADE (id, mark, subject_id, student_id) values (292, 2, 20, 62);
insert into GRADE (id, mark, subject_id, student_id) values (293, 6, 2, 37);
insert into GRADE (id, mark, subject_id, student_id) values (294, 5, 22, 46);
insert into GRADE (id, mark, subject_id, student_id) values (295, 1, 26, 80);
insert into GRADE (id, mark, subject_id, student_id) values (296, 3, 18, 154);
insert into GRADE (id, mark, subject_id, student_id) values (297, 2, 20, 58);
insert into GRADE (id, mark, subject_id, student_id) values (298, 4, 23, 164);
insert into GRADE (id, mark, subject_id, student_id) values (299, 5, 29, 170);
insert into GRADE (id, mark, subject_id, student_id) values (300, 5, 4, 179);
insert into GRADE (id, mark, subject_id, student_id) values (301, 4, 30, 143);
insert into GRADE (id, mark, subject_id, student_id) values (302, 3, 18, 51);
insert into GRADE (id, mark, subject_id, student_id) values (303, 4, 14, 170);
insert into GRADE (id, mark, subject_id, student_id) values (304, 2, 20, 99);
insert into GRADE (id, mark, subject_id, student_id) values (305, 2, 14, 93);
insert into GRADE (id, mark, subject_id, student_id) values (306, 6, 29, 111);
insert into GRADE (id, mark, subject_id, student_id) values (307, 5, 15, 131);
insert into GRADE (id, mark, subject_id, student_id) values (308, 1, 18, 135);
insert into GRADE (id, mark, subject_id, student_id) values (309, 2, 16, 98);
insert into GRADE (id, mark, subject_id, student_id) values (310, 1, 14, 157);
insert into GRADE (id, mark, subject_id, student_id) values (311, 4, 20, 99);
insert into GRADE (id, mark, subject_id, student_id) values (312, 4, 28, 44);
insert into GRADE (id, mark, subject_id, student_id) values (313, 6, 30, 99);
insert into GRADE (id, mark, subject_id, student_id) values (314, 3, 24, 130);
insert into GRADE (id, mark, subject_id, student_id) values (315, 4, 16, 55);
insert into GRADE (id, mark, subject_id, student_id) values (316, 2, 20, 96);
insert into GRADE (id, mark, subject_id, student_id) values (317, 3, 22, 73);
insert into GRADE (id, mark, subject_id, student_id) values (318, 5, 16, 41);
insert into GRADE (id, mark, subject_id, student_id) values (319, 6, 28, 159);
insert into GRADE (id, mark, subject_id, student_id) values (320, 4, 28, 158);
insert into GRADE (id, mark, subject_id, student_id) values (321, 5, 29, 63);
insert into GRADE (id, mark, subject_id, student_id) values (322, 1, 29, 169);
insert into GRADE (id, mark, subject_id, student_id) values (323, 3, 17, 38);
insert into GRADE (id, mark, subject_id, student_id) values (324, 3, 1, 165);
insert into GRADE (id, mark, subject_id, student_id) values (325, 6, 29, 154);
insert into GRADE (id, mark, subject_id, student_id) values (326, 4, 14, 105);
insert into GRADE (id, mark, subject_id, student_id) values (327, 5, 19, 124);
insert into GRADE (id, mark, subject_id, student_id) values (328, 1, 23, 73);
insert into GRADE (id, mark, subject_id, student_id) values (329, 5, 15, 175);
insert into GRADE (id, mark, subject_id, student_id) values (330, 1, 29, 107);
insert into GRADE (id, mark, subject_id, student_id) values (331, 1, 16, 42);
insert into GRADE (id, mark, subject_id, student_id) values (332, 6, 15, 108);
insert into GRADE (id, mark, subject_id, student_id) values (333, 1, 24, 177);
insert into GRADE (id, mark, subject_id, student_id) values (334, 4, 2, 81);
insert into GRADE (id, mark, subject_id, student_id) values (335, 1, 28, 107);
insert into GRADE (id, mark, subject_id, student_id) values (336, 2, 21, 69);
insert into GRADE (id, mark, subject_id, student_id) values (337, 3, 25, 111);
insert into GRADE (id, mark, subject_id, student_id) values (338, 5, 18, 111);
insert into GRADE (id, mark, subject_id, student_id) values (339, 6, 15, 91);
insert into GRADE (id, mark, subject_id, student_id) values (340, 6, 16, 78);
insert into GRADE (id, mark, subject_id, student_id) values (341, 1, 5, 137);
insert into GRADE (id, mark, subject_id, student_id) values (342, 3, 22, 148);
insert into GRADE (id, mark, subject_id, student_id) values (343, 6, 21, 133);
insert into GRADE (id, mark, subject_id, student_id) values (344, 5, 9, 144);
insert into GRADE (id, mark, subject_id, student_id) values (345, 5, 6, 80);
insert into GRADE (id, mark, subject_id, student_id) values (346, 5, 27, 54);
insert into GRADE (id, mark, subject_id, student_id) values (347, 6, 8, 95);
insert into GRADE (id, mark, subject_id, student_id) values (348, 6, 13, 104);
insert into GRADE (id, mark, subject_id, student_id) values (349, 6, 17, 142);
insert into GRADE (id, mark, subject_id, student_id) values (350, 6, 20, 154);
insert into GRADE (id, mark, subject_id, student_id) values (351, 6, 28, 147);
insert into GRADE (id, mark, subject_id, student_id) values (352, 2, 8, 148);
insert into GRADE (id, mark, subject_id, student_id) values (353, 3, 7, 87);
insert into GRADE (id, mark, subject_id, student_id) values (354, 6, 27, 32);
insert into GRADE (id, mark, subject_id, student_id) values (355, 1, 30, 149);
insert into GRADE (id, mark, subject_id, student_id) values (356, 2, 7, 168);
insert into GRADE (id, mark, subject_id, student_id) values (357, 6, 1, 41);
insert into GRADE (id, mark, subject_id, student_id) values (358, 5, 10, 55);
insert into GRADE (id, mark, subject_id, student_id) values (359, 4, 12, 81);
insert into GRADE (id, mark, subject_id, student_id) values (360, 3, 7, 174);
insert into GRADE (id, mark, subject_id, student_id) values (361, 1, 9, 152);
insert into GRADE (id, mark, subject_id, student_id) values (362, 3, 11, 63);
insert into GRADE (id, mark, subject_id, student_id) values (363, 3, 24, 34);
insert into GRADE (id, mark, subject_id, student_id) values (364, 6, 12, 40);
insert into GRADE (id, mark, subject_id, student_id) values (365, 1, 28, 173);
insert into GRADE (id, mark, subject_id, student_id) values (366, 6, 16, 80);
insert into GRADE (id, mark, subject_id, student_id) values (367, 1, 7, 58);
insert into GRADE (id, mark, subject_id, student_id) values (368, 6, 25, 50);
insert into GRADE (id, mark, subject_id, student_id) values (369, 1, 27, 159);
insert into GRADE (id, mark, subject_id, student_id) values (370, 3, 6, 162);
insert into GRADE (id, mark, subject_id, student_id) values (371, 2, 22, 88);
insert into GRADE (id, mark, subject_id, student_id) values (372, 6, 9, 137);
insert into GRADE (id, mark, subject_id, student_id) values (373, 1, 4, 158);
insert into GRADE (id, mark, subject_id, student_id) values (374, 1, 27, 36);
insert into GRADE (id, mark, subject_id, student_id) values (375, 6, 14, 105);
insert into GRADE (id, mark, subject_id, student_id) values (376, 1, 5, 156);
insert into GRADE (id, mark, subject_id, student_id) values (377, 4, 5, 145);
insert into GRADE (id, mark, subject_id, student_id) values (378, 5, 26, 98);
insert into GRADE (id, mark, subject_id, student_id) values (379, 6, 9, 95);
insert into GRADE (id, mark, subject_id, student_id) values (380, 6, 16, 110);
insert into GRADE (id, mark, subject_id, student_id) values (381, 6, 12, 105);
insert into GRADE (id, mark, subject_id, student_id) values (382, 2, 27, 123);
insert into GRADE (id, mark, subject_id, student_id) values (383, 6, 27, 118);
insert into GRADE (id, mark, subject_id, student_id) values (384, 3, 18, 55);
insert into GRADE (id, mark, subject_id, student_id) values (385, 3, 21, 130);
insert into GRADE (id, mark, subject_id, student_id) values (386, 5, 19, 103);
insert into GRADE (id, mark, subject_id, student_id) values (387, 3, 27, 70);
insert into GRADE (id, mark, subject_id, student_id) values (388, 1, 21, 57);
insert into GRADE (id, mark, subject_id, student_id) values (389, 2, 27, 173);
insert into GRADE (id, mark, subject_id, student_id) values (390, 4, 4, 122);
insert into GRADE (id, mark, subject_id, student_id) values (391, 2, 1, 38);
insert into GRADE (id, mark, subject_id, student_id) values (392, 1, 21, 75);
insert into GRADE (id, mark, subject_id, student_id) values (393, 6, 29, 37);
insert into GRADE (id, mark, subject_id, student_id) values (394, 2, 17, 101);
insert into GRADE (id, mark, subject_id, student_id) values (395, 6, 29, 125);
insert into GRADE (id, mark, subject_id, student_id) values (396, 3, 16, 32);
insert into GRADE (id, mark, subject_id, student_id) values (397, 4, 19, 70);
insert into GRADE (id, mark, subject_id, student_id) values (398, 2, 22, 38);
insert into GRADE (id, mark, subject_id, student_id) values (399, 6, 10, 141);
insert into GRADE (id, mark, subject_id, student_id) values (400, 5, 21, 68);
insert into GRADE (id, mark, subject_id, student_id) values (401, 5, 29, 87);
insert into GRADE (id, mark, subject_id, student_id) values (402, 5, 7, 62);
insert into GRADE (id, mark, subject_id, student_id) values (403, 6, 20, 137);
insert into GRADE (id, mark, subject_id, student_id) values (404, 2, 9, 67);
insert into GRADE (id, mark, subject_id, student_id) values (405, 1, 5, 116);
insert into GRADE (id, mark, subject_id, student_id) values (406, 4, 1, 46);
insert into GRADE (id, mark, subject_id, student_id) values (407, 6, 29, 52);
insert into GRADE (id, mark, subject_id, student_id) values (408, 3, 27, 79);
insert into GRADE (id, mark, subject_id, student_id) values (409, 5, 26, 165);
insert into GRADE (id, mark, subject_id, student_id) values (410, 5, 29, 88);
insert into GRADE (id, mark, subject_id, student_id) values (411, 6, 13, 89);
insert into GRADE (id, mark, subject_id, student_id) values (412, 3, 7, 154);
insert into GRADE (id, mark, subject_id, student_id) values (413, 2, 6, 80);
insert into GRADE (id, mark, subject_id, student_id) values (414, 1, 1, 74);
insert into GRADE (id, mark, subject_id, student_id) values (415, 1, 3, 162);
insert into GRADE (id, mark, subject_id, student_id) values (416, 2, 11, 42);
insert into GRADE (id, mark, subject_id, student_id) values (417, 1, 10, 109);
insert into GRADE (id, mark, subject_id, student_id) values (418, 3, 22, 116);
insert into GRADE (id, mark, subject_id, student_id) values (419, 5, 26, 134);
insert into GRADE (id, mark, subject_id, student_id) values (420, 4, 28, 169);
insert into GRADE (id, mark, subject_id, student_id) values (421, 6, 27, 102);
insert into GRADE (id, mark, subject_id, student_id) values (422, 6, 28, 48);
insert into GRADE (id, mark, subject_id, student_id) values (423, 2, 24, 162);
insert into GRADE (id, mark, subject_id, student_id) values (424, 3, 3, 93);
insert into GRADE (id, mark, subject_id, student_id) values (425, 3, 6, 167);
insert into GRADE (id, mark, subject_id, student_id) values (426, 3, 8, 92);
insert into GRADE (id, mark, subject_id, student_id) values (427, 2, 13, 89);
insert into GRADE (id, mark, subject_id, student_id) values (428, 3, 5, 150);
insert into GRADE (id, mark, subject_id, student_id) values (429, 2, 29, 135);
insert into GRADE (id, mark, subject_id, student_id) values (430, 3, 26, 90);
insert into GRADE (id, mark, subject_id, student_id) values (431, 3, 29, 78);
insert into GRADE (id, mark, subject_id, student_id) values (432, 3, 26, 102);
insert into GRADE (id, mark, subject_id, student_id) values (433, 5, 14, 131);
insert into GRADE (id, mark, subject_id, student_id) values (434, 6, 30, 147);
insert into GRADE (id, mark, subject_id, student_id) values (435, 5, 18, 84);
insert into GRADE (id, mark, subject_id, student_id) values (436, 6, 21, 155);
insert into GRADE (id, mark, subject_id, student_id) values (437, 6, 16, 80);
insert into GRADE (id, mark, subject_id, student_id) values (438, 1, 11, 74);
insert into GRADE (id, mark, subject_id, student_id) values (439, 3, 15, 50);
insert into GRADE (id, mark, subject_id, student_id) values (440, 1, 4, 137);
insert into GRADE (id, mark, subject_id, student_id) values (441, 2, 28, 76);
insert into GRADE (id, mark, subject_id, student_id) values (442, 6, 29, 66);
insert into GRADE (id, mark, subject_id, student_id) values (443, 6, 5, 94);
insert into GRADE (id, mark, subject_id, student_id) values (444, 1, 12, 158);
insert into GRADE (id, mark, subject_id, student_id) values (445, 5, 24, 133);
insert into GRADE (id, mark, subject_id, student_id) values (446, 4, 6, 104);
insert into GRADE (id, mark, subject_id, student_id) values (447, 1, 8, 35);
insert into GRADE (id, mark, subject_id, student_id) values (448, 1, 28, 60);
insert into GRADE (id, mark, subject_id, student_id) values (449, 4, 21, 132);
insert into GRADE (id, mark, subject_id, student_id) values (450, 6, 14, 151);
insert into GRADE (id, mark, subject_id, student_id) values (451, 6, 1, 106);
insert into GRADE (id, mark, subject_id, student_id) values (452, 1, 25, 162);
insert into GRADE (id, mark, subject_id, student_id) values (453, 2, 26, 124);
insert into GRADE (id, mark, subject_id, student_id) values (454, 4, 5, 43);
insert into GRADE (id, mark, subject_id, student_id) values (455, 5, 22, 101);
insert into GRADE (id, mark, subject_id, student_id) values (456, 1, 24, 62);
insert into GRADE (id, mark, subject_id, student_id) values (457, 6, 2, 74);
insert into GRADE (id, mark, subject_id, student_id) values (458, 6, 16, 133);
insert into GRADE (id, mark, subject_id, student_id) values (459, 6, 15, 116);
insert into GRADE (id, mark, subject_id, student_id) values (460, 1, 15, 147);
insert into GRADE (id, mark, subject_id, student_id) values (461, 6, 21, 134);
insert into GRADE (id, mark, subject_id, student_id) values (462, 1, 13, 103);
insert into GRADE (id, mark, subject_id, student_id) values (463, 5, 26, 174);
insert into GRADE (id, mark, subject_id, student_id) values (464, 1, 17, 162);
insert into GRADE (id, mark, subject_id, student_id) values (465, 6, 3, 162);
insert into GRADE (id, mark, subject_id, student_id) values (466, 6, 7, 169);
insert into GRADE (id, mark, subject_id, student_id) values (467, 6, 2, 127);
insert into GRADE (id, mark, subject_id, student_id) values (468, 2, 7, 75);
insert into GRADE (id, mark, subject_id, student_id) values (469, 6, 12, 137);
insert into GRADE (id, mark, subject_id, student_id) values (470, 4, 2, 122);
insert into GRADE (id, mark, subject_id, student_id) values (471, 2, 3, 80);
insert into GRADE (id, mark, subject_id, student_id) values (472, 5, 17, 120);
insert into GRADE (id, mark, subject_id, student_id) values (473, 5, 2, 147);
insert into GRADE (id, mark, subject_id, student_id) values (474, 5, 2, 72);
insert into GRADE (id, mark, subject_id, student_id) values (475, 6, 17, 103);
insert into GRADE (id, mark, subject_id, student_id) values (476, 2, 29, 98);
insert into GRADE (id, mark, subject_id, student_id) values (477, 5, 14, 144);
insert into GRADE (id, mark, subject_id, student_id) values (478, 5, 10, 122);
insert into GRADE (id, mark, subject_id, student_id) values (479, 6, 19, 31);
insert into GRADE (id, mark, subject_id, student_id) values (480, 6, 10, 74);
insert into GRADE (id, mark, subject_id, student_id) values (481, 2, 25, 50);
insert into GRADE (id, mark, subject_id, student_id) values (482, 6, 29, 158);
insert into GRADE (id, mark, subject_id, student_id) values (483, 1, 12, 151);
insert into GRADE (id, mark, subject_id, student_id) values (484, 4, 12, 101);
insert into GRADE (id, mark, subject_id, student_id) values (485, 6, 13, 88);
insert into GRADE (id, mark, subject_id, student_id) values (486, 2, 5, 128);
insert into GRADE (id, mark, subject_id, student_id) values (487, 3, 22, 67);
insert into GRADE (id, mark, subject_id, student_id) values (488, 2, 21, 77);
insert into GRADE (id, mark, subject_id, student_id) values (489, 6, 9, 168);
insert into GRADE (id, mark, subject_id, student_id) values (490, 3, 29, 128);
insert into GRADE (id, mark, subject_id, student_id) values (491, 4, 23, 164);
insert into GRADE (id, mark, subject_id, student_id) values (492, 1, 15, 48);
insert into GRADE (id, mark, subject_id, student_id) values (493, 5, 17, 36);
insert into GRADE (id, mark, subject_id, student_id) values (494, 1, 4, 141);
insert into GRADE (id, mark, subject_id, student_id) values (495, 1, 29, 99);
insert into GRADE (id, mark, subject_id, student_id) values (496, 1, 13, 152);
insert into GRADE (id, mark, subject_id, student_id) values (497, 6, 23, 60);
insert into GRADE (id, mark, subject_id, student_id) values (498, 4, 11, 103);
insert into GRADE (id, mark, subject_id, student_id) values (499, 4, 9, 79);
insert into GRADE (id, mark, subject_id, student_id) values (500, 6, 25, 74);
insert into GRADE (id, mark, subject_id, student_id) values (501, 1, 29, 137);
insert into GRADE (id, mark, subject_id, student_id) values (502, 5, 10, 68);
insert into GRADE (id, mark, subject_id, student_id) values (503, 2, 13, 36);
insert into GRADE (id, mark, subject_id, student_id) values (504, 2, 8, 33);
insert into GRADE (id, mark, subject_id, student_id) values (505, 5, 29, 86);
insert into GRADE (id, mark, subject_id, student_id) values (506, 2, 1, 88);
insert into GRADE (id, mark, subject_id, student_id) values (507, 6, 25, 120);
insert into GRADE (id, mark, subject_id, student_id) values (508, 6, 6, 98);
insert into GRADE (id, mark, subject_id, student_id) values (509, 4, 19, 147);
insert into GRADE (id, mark, subject_id, student_id) values (510, 5, 27, 115);
insert into GRADE (id, mark, subject_id, student_id) values (511, 5, 22, 163);
insert into GRADE (id, mark, subject_id, student_id) values (512, 1, 10, 83);
insert into GRADE (id, mark, subject_id, student_id) values (513, 1, 26, 66);
insert into GRADE (id, mark, subject_id, student_id) values (514, 1, 13, 171);
insert into GRADE (id, mark, subject_id, student_id) values (515, 5, 9, 137);
insert into GRADE (id, mark, subject_id, student_id) values (516, 4, 23, 107);
insert into GRADE (id, mark, subject_id, student_id) values (517, 2, 15, 126);
insert into GRADE (id, mark, subject_id, student_id) values (518, 4, 2, 119);
insert into GRADE (id, mark, subject_id, student_id) values (519, 2, 6, 140);
insert into GRADE (id, mark, subject_id, student_id) values (520, 4, 11, 43);
insert into GRADE (id, mark, subject_id, student_id) values (521, 3, 5, 180);
insert into GRADE (id, mark, subject_id, student_id) values (522, 3, 15, 36);
insert into GRADE (id, mark, subject_id, student_id) values (523, 3, 13, 112);
insert into GRADE (id, mark, subject_id, student_id) values (524, 3, 25, 169);
insert into GRADE (id, mark, subject_id, student_id) values (525, 4, 22, 42);
insert into GRADE (id, mark, subject_id, student_id) values (526, 6, 1, 64);
insert into GRADE (id, mark, subject_id, student_id) values (527, 3, 8, 62);
insert into GRADE (id, mark, subject_id, student_id) values (528, 6, 26, 137);
insert into GRADE (id, mark, subject_id, student_id) values (529, 1, 21, 121);
insert into GRADE (id, mark, subject_id, student_id) values (530, 2, 14, 97);
insert into GRADE (id, mark, subject_id, student_id) values (531, 4, 11, 147);
insert into GRADE (id, mark, subject_id, student_id) values (532, 2, 18, 128);
insert into GRADE (id, mark, subject_id, student_id) values (533, 2, 21, 53);
insert into GRADE (id, mark, subject_id, student_id) values (534, 3, 9, 50);
insert into GRADE (id, mark, subject_id, student_id) values (535, 3, 10, 101);
insert into GRADE (id, mark, subject_id, student_id) values (536, 4, 20, 72);
insert into GRADE (id, mark, subject_id, student_id) values (537, 5, 15, 169);
insert into GRADE (id, mark, subject_id, student_id) values (538, 5, 23, 72);
insert into GRADE (id, mark, subject_id, student_id) values (539, 2, 15, 89);
insert into GRADE (id, mark, subject_id, student_id) values (540, 5, 18, 149);
insert into GRADE (id, mark, subject_id, student_id) values (541, 2, 17, 69);
insert into GRADE (id, mark, subject_id, student_id) values (542, 5, 9, 84);
insert into GRADE (id, mark, subject_id, student_id) values (543, 4, 20, 91);
insert into GRADE (id, mark, subject_id, student_id) values (544, 5, 16, 61);
insert into GRADE (id, mark, subject_id, student_id) values (545, 5, 6, 177);
insert into GRADE (id, mark, subject_id, student_id) values (546, 5, 30, 168);
insert into GRADE (id, mark, subject_id, student_id) values (547, 3, 4, 61);
insert into GRADE (id, mark, subject_id, student_id) values (548, 5, 30, 175);
insert into GRADE (id, mark, subject_id, student_id) values (549, 4, 2, 107);
insert into GRADE (id, mark, subject_id, student_id) values (550, 5, 8, 163);
insert into GRADE (id, mark, subject_id, student_id) values (551, 4, 3, 111);
insert into GRADE (id, mark, subject_id, student_id) values (552, 6, 11, 127);
insert into GRADE (id, mark, subject_id, student_id) values (553, 4, 5, 98);
insert into GRADE (id, mark, subject_id, student_id) values (554, 5, 1, 150);
insert into GRADE (id, mark, subject_id, student_id) values (555, 4, 29, 140);
insert into GRADE (id, mark, subject_id, student_id) values (556, 6, 14, 90);
insert into GRADE (id, mark, subject_id, student_id) values (557, 3, 16, 114);
insert into GRADE (id, mark, subject_id, student_id) values (558, 6, 23, 109);
insert into GRADE (id, mark, subject_id, student_id) values (559, 4, 11, 111);
insert into GRADE (id, mark, subject_id, student_id) values (560, 3, 2, 169);
insert into GRADE (id, mark, subject_id, student_id) values (561, 5, 28, 46);
insert into GRADE (id, mark, subject_id, student_id) values (562, 4, 16, 149);
insert into GRADE (id, mark, subject_id, student_id) values (563, 6, 19, 92);
insert into GRADE (id, mark, subject_id, student_id) values (564, 1, 14, 169);
insert into GRADE (id, mark, subject_id, student_id) values (565, 6, 10, 87);
insert into GRADE (id, mark, subject_id, student_id) values (566, 2, 15, 178);
insert into GRADE (id, mark, subject_id, student_id) values (567, 2, 12, 84);
insert into GRADE (id, mark, subject_id, student_id) values (568, 2, 1, 157);
insert into GRADE (id, mark, subject_id, student_id) values (569, 4, 5, 172);
insert into GRADE (id, mark, subject_id, student_id) values (570, 3, 3, 87);
insert into GRADE (id, mark, subject_id, student_id) values (571, 1, 16, 62);
insert into GRADE (id, mark, subject_id, student_id) values (572, 4, 11, 112);
insert into GRADE (id, mark, subject_id, student_id) values (573, 2, 1, 56);
insert into GRADE (id, mark, subject_id, student_id) values (574, 2, 13, 57);
insert into GRADE (id, mark, subject_id, student_id) values (575, 2, 15, 91);
insert into GRADE (id, mark, subject_id, student_id) values (576, 6, 30, 67);
insert into GRADE (id, mark, subject_id, student_id) values (577, 6, 22, 130);
insert into GRADE (id, mark, subject_id, student_id) values (578, 4, 21, 177);
insert into GRADE (id, mark, subject_id, student_id) values (579, 6, 24, 54);
insert into GRADE (id, mark, subject_id, student_id) values (580, 4, 18, 121);
insert into GRADE (id, mark, subject_id, student_id) values (581, 2, 17, 174);
insert into GRADE (id, mark, subject_id, student_id) values (582, 3, 14, 62);
insert into GRADE (id, mark, subject_id, student_id) values (583, 3, 24, 143);
insert into GRADE (id, mark, subject_id, student_id) values (584, 4, 28, 38);
insert into GRADE (id, mark, subject_id, student_id) values (585, 4, 1, 119);
insert into GRADE (id, mark, subject_id, student_id) values (586, 2, 28, 79);
insert into GRADE (id, mark, subject_id, student_id) values (587, 5, 28, 55);
insert into GRADE (id, mark, subject_id, student_id) values (588, 4, 7, 112);
insert into GRADE (id, mark, subject_id, student_id) values (589, 5, 3, 142);
insert into GRADE (id, mark, subject_id, student_id) values (590, 5, 3, 137);
insert into GRADE (id, mark, subject_id, student_id) values (591, 6, 13, 120);
insert into GRADE (id, mark, subject_id, student_id) values (592, 6, 2, 61);
insert into GRADE (id, mark, subject_id, student_id) values (593, 3, 20, 124);
insert into GRADE (id, mark, subject_id, student_id) values (594, 4, 12, 64);
insert into GRADE (id, mark, subject_id, student_id) values (595, 5, 8, 111);
insert into GRADE (id, mark, subject_id, student_id) values (596, 1, 26, 74);
insert into GRADE (id, mark, subject_id, student_id) values (597, 5, 19, 49);
insert into GRADE (id, mark, subject_id, student_id) values (598, 5, 11, 118);
insert into GRADE (id, mark, subject_id, student_id) values (599, 2, 23, 97);
insert into GRADE (id, mark, subject_id, student_id) values (600, 5, 28, 161);
insert into GRADE (id, mark, subject_id, student_id) values (601, 4, 9, 147);
insert into GRADE (id, mark, subject_id, student_id) values (602, 1, 14, 126);
insert into GRADE (id, mark, subject_id, student_id) values (603, 1, 4, 40);
insert into GRADE (id, mark, subject_id, student_id) values (604, 1, 30, 47);
insert into GRADE (id, mark, subject_id, student_id) values (605, 3, 26, 82);
insert into GRADE (id, mark, subject_id, student_id) values (606, 4, 14, 170);
insert into GRADE (id, mark, subject_id, student_id) values (607, 6, 6, 81);
insert into GRADE (id, mark, subject_id, student_id) values (608, 1, 16, 59);
insert into GRADE (id, mark, subject_id, student_id) values (609, 3, 25, 106);
insert into GRADE (id, mark, subject_id, student_id) values (610, 6, 14, 36);
insert into GRADE (id, mark, subject_id, student_id) values (611, 6, 21, 62);
insert into GRADE (id, mark, subject_id, student_id) values (612, 1, 6, 152);
insert into GRADE (id, mark, subject_id, student_id) values (613, 1, 30, 169);
insert into GRADE (id, mark, subject_id, student_id) values (614, 5, 18, 94);
insert into GRADE (id, mark, subject_id, student_id) values (615, 6, 28, 52);
insert into GRADE (id, mark, subject_id, student_id) values (616, 6, 14, 162);
insert into GRADE (id, mark, subject_id, student_id) values (617, 2, 14, 49);
insert into GRADE (id, mark, subject_id, student_id) values (618, 1, 4, 36);
insert into GRADE (id, mark, subject_id, student_id) values (619, 5, 2, 39);
insert into GRADE (id, mark, subject_id, student_id) values (620, 5, 20, 93);
insert into GRADE (id, mark, subject_id, student_id) values (621, 1, 11, 107);
insert into GRADE (id, mark, subject_id, student_id) values (622, 2, 30, 159);
insert into GRADE (id, mark, subject_id, student_id) values (623, 5, 21, 63);
insert into GRADE (id, mark, subject_id, student_id) values (624, 3, 22, 147);
insert into GRADE (id, mark, subject_id, student_id) values (625, 3, 27, 158);
insert into GRADE (id, mark, subject_id, student_id) values (626, 6, 15, 121);
insert into GRADE (id, mark, subject_id, student_id) values (627, 5, 26, 157);
insert into GRADE (id, mark, subject_id, student_id) values (628, 3, 13, 98);
insert into GRADE (id, mark, subject_id, student_id) values (629, 4, 18, 93);
insert into GRADE (id, mark, subject_id, student_id) values (630, 1, 30, 67);
insert into GRADE (id, mark, subject_id, student_id) values (631, 5, 7, 173);
insert into GRADE (id, mark, subject_id, student_id) values (632, 6, 11, 51);
insert into GRADE (id, mark, subject_id, student_id) values (633, 5, 2, 148);
insert into GRADE (id, mark, subject_id, student_id) values (634, 4, 24, 49);
insert into GRADE (id, mark, subject_id, student_id) values (635, 2, 18, 161);
insert into GRADE (id, mark, subject_id, student_id) values (636, 2, 25, 174);
insert into GRADE (id, mark, subject_id, student_id) values (637, 2, 20, 80);
insert into GRADE (id, mark, subject_id, student_id) values (638, 5, 3, 118);
insert into GRADE (id, mark, subject_id, student_id) values (639, 4, 9, 157);
insert into GRADE (id, mark, subject_id, student_id) values (640, 4, 16, 139);
insert into GRADE (id, mark, subject_id, student_id) values (641, 4, 24, 32);
insert into GRADE (id, mark, subject_id, student_id) values (642, 5, 13, 108);
insert into GRADE (id, mark, subject_id, student_id) values (643, 5, 22, 142);
insert into GRADE (id, mark, subject_id, student_id) values (644, 3, 24, 84);
insert into GRADE (id, mark, subject_id, student_id) values (645, 3, 8, 149);
insert into GRADE (id, mark, subject_id, student_id) values (646, 2, 16, 102);
insert into GRADE (id, mark, subject_id, student_id) values (647, 2, 5, 156);
insert into GRADE (id, mark, subject_id, student_id) values (648, 3, 18, 47);
insert into GRADE (id, mark, subject_id, student_id) values (649, 4, 14, 92);
insert into GRADE (id, mark, subject_id, student_id) values (650, 5, 10, 86);
insert into GRADE (id, mark, subject_id, student_id) values (651, 4, 1, 169);
insert into GRADE (id, mark, subject_id, student_id) values (652, 3, 12, 98);
insert into GRADE (id, mark, subject_id, student_id) values (653, 4, 29, 174);
insert into GRADE (id, mark, subject_id, student_id) values (654, 6, 18, 172);
insert into GRADE (id, mark, subject_id, student_id) values (655, 3, 22, 152);
insert into GRADE (id, mark, subject_id, student_id) values (656, 5, 3, 38);
insert into GRADE (id, mark, subject_id, student_id) values (657, 3, 27, 92);
insert into GRADE (id, mark, subject_id, student_id) values (658, 5, 22, 160);
insert into GRADE (id, mark, subject_id, student_id) values (659, 1, 9, 114);
insert into GRADE (id, mark, subject_id, student_id) values (660, 1, 2, 151);
insert into GRADE (id, mark, subject_id, student_id) values (661, 1, 15, 162);
insert into GRADE (id, mark, subject_id, student_id) values (662, 6, 5, 122);
insert into GRADE (id, mark, subject_id, student_id) values (663, 4, 3, 56);
insert into GRADE (id, mark, subject_id, student_id) values (664, 5, 2, 104);
insert into GRADE (id, mark, subject_id, student_id) values (665, 1, 2, 52);
insert into GRADE (id, mark, subject_id, student_id) values (666, 6, 8, 84);
insert into GRADE (id, mark, subject_id, student_id) values (667, 6, 17, 71);
insert into GRADE (id, mark, subject_id, student_id) values (668, 5, 24, 104);
insert into GRADE (id, mark, subject_id, student_id) values (669, 4, 20, 170);
insert into GRADE (id, mark, subject_id, student_id) values (670, 4, 18, 129);
insert into GRADE (id, mark, subject_id, student_id) values (671, 4, 19, 51);
insert into GRADE (id, mark, subject_id, student_id) values (672, 6, 20, 126);
insert into GRADE (id, mark, subject_id, student_id) values (673, 1, 23, 138);
insert into GRADE (id, mark, subject_id, student_id) values (674, 6, 11, 67);
insert into GRADE (id, mark, subject_id, student_id) values (675, 3, 6, 31);
insert into GRADE (id, mark, subject_id, student_id) values (676, 4, 1, 38);
insert into GRADE (id, mark, subject_id, student_id) values (677, 2, 16, 71);
insert into GRADE (id, mark, subject_id, student_id) values (678, 5, 9, 81);
insert into GRADE (id, mark, subject_id, student_id) values (679, 1, 13, 173);
insert into GRADE (id, mark, subject_id, student_id) values (680, 3, 20, 131);
insert into GRADE (id, mark, subject_id, student_id) values (681, 3, 29, 84);
insert into GRADE (id, mark, subject_id, student_id) values (682, 3, 20, 32);
insert into GRADE (id, mark, subject_id, student_id) values (683, 4, 29, 120);
insert into GRADE (id, mark, subject_id, student_id) values (684, 3, 30, 139);
insert into GRADE (id, mark, subject_id, student_id) values (685, 1, 10, 112);
insert into GRADE (id, mark, subject_id, student_id) values (686, 1, 21, 115);
insert into GRADE (id, mark, subject_id, student_id) values (687, 1, 17, 48);
insert into GRADE (id, mark, subject_id, student_id) values (688, 3, 5, 123);
insert into GRADE (id, mark, subject_id, student_id) values (689, 4, 1, 144);
insert into GRADE (id, mark, subject_id, student_id) values (690, 6, 23, 132);
insert into GRADE (id, mark, subject_id, student_id) values (691, 6, 3, 104);
insert into GRADE (id, mark, subject_id, student_id) values (692, 3, 23, 34);
insert into GRADE (id, mark, subject_id, student_id) values (693, 4, 3, 96);
insert into GRADE (id, mark, subject_id, student_id) values (694, 3, 26, 40);
insert into GRADE (id, mark, subject_id, student_id) values (695, 6, 30, 155);
insert into GRADE (id, mark, subject_id, student_id) values (696, 2, 29, 180);
insert into GRADE (id, mark, subject_id, student_id) values (697, 4, 22, 165);
insert into GRADE (id, mark, subject_id, student_id) values (698, 5, 16, 178);
insert into GRADE (id, mark, subject_id, student_id) values (699, 4, 4, 31);
insert into GRADE (id, mark, subject_id, student_id) values (700, 1, 23, 144);
insert into GRADE (id, mark, subject_id, student_id) values (701, 4, 21, 102);
insert into GRADE (id, mark, subject_id, student_id) values (702, 3, 3, 117);
insert into GRADE (id, mark, subject_id, student_id) values (703, 4, 9, 151);
insert into GRADE (id, mark, subject_id, student_id) values (704, 1, 20, 157);
insert into GRADE (id, mark, subject_id, student_id) values (705, 3, 12, 79);
insert into GRADE (id, mark, subject_id, student_id) values (706, 6, 11, 41);
insert into GRADE (id, mark, subject_id, student_id) values (707, 6, 2, 39);
insert into GRADE (id, mark, subject_id, student_id) values (708, 3, 13, 51);
insert into GRADE (id, mark, subject_id, student_id) values (709, 5, 1, 86);
insert into GRADE (id, mark, subject_id, student_id) values (710, 4, 8, 143);
insert into GRADE (id, mark, subject_id, student_id) values (711, 5, 17, 37);
insert into GRADE (id, mark, subject_id, student_id) values (712, 3, 29, 154);
insert into GRADE (id, mark, subject_id, student_id) values (713, 6, 23, 161);
insert into GRADE (id, mark, subject_id, student_id) values (714, 4, 27, 56);
insert into GRADE (id, mark, subject_id, student_id) values (715, 4, 12, 94);
insert into GRADE (id, mark, subject_id, student_id) values (716, 6, 28, 48);
insert into GRADE (id, mark, subject_id, student_id) values (717, 2, 11, 135);
insert into GRADE (id, mark, subject_id, student_id) values (718, 2, 9, 175);
insert into GRADE (id, mark, subject_id, student_id) values (719, 6, 2, 109);
insert into GRADE (id, mark, subject_id, student_id) values (720, 6, 7, 154);
insert into GRADE (id, mark, subject_id, student_id) values (721, 1, 6, 72);
insert into GRADE (id, mark, subject_id, student_id) values (722, 5, 18, 138);
insert into GRADE (id, mark, subject_id, student_id) values (723, 2, 21, 167);
insert into GRADE (id, mark, subject_id, student_id) values (724, 6, 24, 79);
insert into GRADE (id, mark, subject_id, student_id) values (725, 5, 13, 141);
insert into GRADE (id, mark, subject_id, student_id) values (726, 4, 30, 103);
insert into GRADE (id, mark, subject_id, student_id) values (727, 6, 12, 170);
insert into GRADE (id, mark, subject_id, student_id) values (728, 6, 20, 51);
insert into GRADE (id, mark, subject_id, student_id) values (729, 1, 10, 125);
insert into GRADE (id, mark, subject_id, student_id) values (730, 5, 5, 162);
insert into GRADE (id, mark, subject_id, student_id) values (731, 2, 1, 131);
insert into GRADE (id, mark, subject_id, student_id) values (732, 1, 22, 141);
insert into GRADE (id, mark, subject_id, student_id) values (733, 6, 19, 65);
insert into GRADE (id, mark, subject_id, student_id) values (734, 4, 20, 144);
insert into GRADE (id, mark, subject_id, student_id) values (735, 3, 9, 60);
insert into GRADE (id, mark, subject_id, student_id) values (736, 3, 21, 180);
insert into GRADE (id, mark, subject_id, student_id) values (737, 6, 6, 60);
insert into GRADE (id, mark, subject_id, student_id) values (738, 1, 18, 161);
insert into GRADE (id, mark, subject_id, student_id) values (739, 4, 1, 119);
insert into GRADE (id, mark, subject_id, student_id) values (740, 4, 12, 91);
insert into GRADE (id, mark, subject_id, student_id) values (741, 2, 27, 178);
insert into GRADE (id, mark, subject_id, student_id) values (742, 1, 25, 104);
insert into GRADE (id, mark, subject_id, student_id) values (743, 4, 18, 65);
insert into GRADE (id, mark, subject_id, student_id) values (744, 3, 14, 99);
insert into GRADE (id, mark, subject_id, student_id) values (745, 1, 23, 114);
insert into GRADE (id, mark, subject_id, student_id) values (746, 2, 16, 67);
insert into GRADE (id, mark, subject_id, student_id) values (747, 4, 1, 109);
insert into GRADE (id, mark, subject_id, student_id) values (748, 5, 14, 101);
insert into GRADE (id, mark, subject_id, student_id) values (749, 1, 25, 31);
insert into GRADE (id, mark, subject_id, student_id) values (750, 1, 24, 166);
insert into GRADE (id, mark, subject_id, student_id) values (751, 1, 3, 58);
insert into GRADE (id, mark, subject_id, student_id) values (752, 4, 10, 31);
insert into GRADE (id, mark, subject_id, student_id) values (753, 3, 9, 138);
insert into GRADE (id, mark, subject_id, student_id) values (754, 1, 12, 90);
insert into GRADE (id, mark, subject_id, student_id) values (755, 5, 13, 158);
insert into GRADE (id, mark, subject_id, student_id) values (756, 6, 25, 75);
insert into GRADE (id, mark, subject_id, student_id) values (757, 5, 20, 156);
insert into GRADE (id, mark, subject_id, student_id) values (758, 6, 22, 118);
insert into GRADE (id, mark, subject_id, student_id) values (759, 2, 21, 121);
insert into GRADE (id, mark, subject_id, student_id) values (760, 5, 21, 95);
insert into GRADE (id, mark, subject_id, student_id) values (761, 6, 4, 161);
insert into GRADE (id, mark, subject_id, student_id) values (762, 2, 21, 112);
insert into GRADE (id, mark, subject_id, student_id) values (763, 3, 2, 33);
insert into GRADE (id, mark, subject_id, student_id) values (764, 6, 17, 167);
insert into GRADE (id, mark, subject_id, student_id) values (765, 1, 15, 106);
insert into GRADE (id, mark, subject_id, student_id) values (766, 6, 7, 145);
insert into GRADE (id, mark, subject_id, student_id) values (767, 3, 8, 128);
insert into GRADE (id, mark, subject_id, student_id) values (768, 5, 24, 81);
insert into GRADE (id, mark, subject_id, student_id) values (769, 2, 3, 40);
insert into GRADE (id, mark, subject_id, student_id) values (770, 4, 24, 47);
insert into GRADE (id, mark, subject_id, student_id) values (771, 6, 3, 55);
insert into GRADE (id, mark, subject_id, student_id) values (772, 3, 16, 122);
insert into GRADE (id, mark, subject_id, student_id) values (773, 6, 30, 90);
insert into GRADE (id, mark, subject_id, student_id) values (774, 2, 25, 83);
insert into GRADE (id, mark, subject_id, student_id) values (775, 2, 5, 94);
insert into GRADE (id, mark, subject_id, student_id) values (776, 2, 1, 41);
insert into GRADE (id, mark, subject_id, student_id) values (777, 4, 14, 163);
insert into GRADE (id, mark, subject_id, student_id) values (778, 6, 4, 72);
insert into GRADE (id, mark, subject_id, student_id) values (779, 3, 7, 106);
insert into GRADE (id, mark, subject_id, student_id) values (780, 2, 20, 42);
insert into GRADE (id, mark, subject_id, student_id) values (781, 3, 13, 143);
insert into GRADE (id, mark, subject_id, student_id) values (782, 1, 28, 95);
insert into GRADE (id, mark, subject_id, student_id) values (783, 5, 10, 83);
insert into GRADE (id, mark, subject_id, student_id) values (784, 6, 15, 156);
insert into GRADE (id, mark, subject_id, student_id) values (785, 6, 13, 81);
insert into GRADE (id, mark, subject_id, student_id) values (786, 4, 19, 52);
insert into GRADE (id, mark, subject_id, student_id) values (787, 1, 24, 101);
insert into GRADE (id, mark, subject_id, student_id) values (788, 5, 17, 172);
insert into GRADE (id, mark, subject_id, student_id) values (789, 3, 25, 102);
insert into GRADE (id, mark, subject_id, student_id) values (790, 6, 26, 97);
insert into GRADE (id, mark, subject_id, student_id) values (791, 3, 11, 110);
insert into GRADE (id, mark, subject_id, student_id) values (792, 3, 15, 170);
insert into GRADE (id, mark, subject_id, student_id) values (793, 5, 23, 157);
insert into GRADE (id, mark, subject_id, student_id) values (794, 3, 27, 113);
insert into GRADE (id, mark, subject_id, student_id) values (795, 1, 3, 41);
insert into GRADE (id, mark, subject_id, student_id) values (796, 4, 21, 141);
insert into GRADE (id, mark, subject_id, student_id) values (797, 3, 5, 177);
insert into GRADE (id, mark, subject_id, student_id) values (798, 1, 17, 73);
insert into GRADE (id, mark, subject_id, student_id) values (799, 5, 15, 32);
insert into GRADE (id, mark, subject_id, student_id) values (800, 6, 30, 92);
insert into GRADE (id, mark, subject_id, student_id) values (801, 4, 24, 73);
insert into GRADE (id, mark, subject_id, student_id) values (802, 6, 18, 32);
insert into GRADE (id, mark, subject_id, student_id) values (803, 5, 25, 144);
insert into GRADE (id, mark, subject_id, student_id) values (804, 3, 10, 171);
insert into GRADE (id, mark, subject_id, student_id) values (805, 4, 17, 81);
insert into GRADE (id, mark, subject_id, student_id) values (806, 3, 8, 143);
insert into GRADE (id, mark, subject_id, student_id) values (807, 1, 24, 32);
insert into GRADE (id, mark, subject_id, student_id) values (808, 3, 7, 66);
insert into GRADE (id, mark, subject_id, student_id) values (809, 3, 6, 95);
insert into GRADE (id, mark, subject_id, student_id) values (810, 4, 24, 143);
insert into GRADE (id, mark, subject_id, student_id) values (811, 4, 20, 40);
insert into GRADE (id, mark, subject_id, student_id) values (812, 6, 4, 39);
insert into GRADE (id, mark, subject_id, student_id) values (813, 4, 15, 82);
insert into GRADE (id, mark, subject_id, student_id) values (814, 6, 23, 107);
insert into GRADE (id, mark, subject_id, student_id) values (815, 5, 3, 75);
insert into GRADE (id, mark, subject_id, student_id) values (816, 3, 13, 157);
insert into GRADE (id, mark, subject_id, student_id) values (817, 3, 21, 62);
insert into GRADE (id, mark, subject_id, student_id) values (818, 4, 20, 43);
insert into GRADE (id, mark, subject_id, student_id) values (819, 2, 19, 103);
insert into GRADE (id, mark, subject_id, student_id) values (820, 5, 22, 176);
insert into GRADE (id, mark, subject_id, student_id) values (821, 2, 1, 59);
insert into GRADE (id, mark, subject_id, student_id) values (822, 5, 26, 75);
insert into GRADE (id, mark, subject_id, student_id) values (823, 6, 25, 126);
insert into GRADE (id, mark, subject_id, student_id) values (824, 6, 29, 72);
insert into GRADE (id, mark, subject_id, student_id) values (825, 2, 9, 141);
insert into GRADE (id, mark, subject_id, student_id) values (826, 1, 19, 70);
insert into GRADE (id, mark, subject_id, student_id) values (827, 4, 5, 89);
insert into GRADE (id, mark, subject_id, student_id) values (828, 6, 16, 50);
insert into GRADE (id, mark, subject_id, student_id) values (829, 2, 14, 74);
insert into GRADE (id, mark, subject_id, student_id) values (830, 3, 15, 106);
insert into GRADE (id, mark, subject_id, student_id) values (831, 1, 1, 146);
insert into GRADE (id, mark, subject_id, student_id) values (832, 4, 4, 119);
insert into GRADE (id, mark, subject_id, student_id) values (833, 4, 12, 152);
insert into GRADE (id, mark, subject_id, student_id) values (834, 2, 6, 178);
insert into GRADE (id, mark, subject_id, student_id) values (835, 2, 8, 173);
insert into GRADE (id, mark, subject_id, student_id) values (836, 6, 29, 77);
insert into GRADE (id, mark, subject_id, student_id) values (837, 2, 5, 52);
insert into GRADE (id, mark, subject_id, student_id) values (838, 6, 27, 38);
insert into GRADE (id, mark, subject_id, student_id) values (839, 4, 2, 90);
insert into GRADE (id, mark, subject_id, student_id) values (840, 1, 7, 69);
insert into GRADE (id, mark, subject_id, student_id) values (841, 6, 15, 124);
insert into GRADE (id, mark, subject_id, student_id) values (842, 4, 4, 46);
insert into GRADE (id, mark, subject_id, student_id) values (843, 2, 19, 141);
insert into GRADE (id, mark, subject_id, student_id) values (844, 2, 7, 85);
insert into GRADE (id, mark, subject_id, student_id) values (845, 1, 13, 71);
insert into GRADE (id, mark, subject_id, student_id) values (846, 4, 12, 85);
insert into GRADE (id, mark, subject_id, student_id) values (847, 6, 11, 89);
insert into GRADE (id, mark, subject_id, student_id) values (848, 6, 24, 81);
insert into GRADE (id, mark, subject_id, student_id) values (849, 1, 11, 45);
insert into GRADE (id, mark, subject_id, student_id) values (850, 4, 4, 162);
insert into GRADE (id, mark, subject_id, student_id) values (851, 3, 13, 64);
insert into GRADE (id, mark, subject_id, student_id) values (852, 6, 22, 61);
insert into GRADE (id, mark, subject_id, student_id) values (853, 1, 28, 101);
insert into GRADE (id, mark, subject_id, student_id) values (854, 5, 6, 57);
insert into GRADE (id, mark, subject_id, student_id) values (855, 1, 20, 80);
insert into GRADE (id, mark, subject_id, student_id) values (856, 3, 27, 133);
insert into GRADE (id, mark, subject_id, student_id) values (857, 1, 22, 33);
insert into GRADE (id, mark, subject_id, student_id) values (858, 4, 9, 162);
insert into GRADE (id, mark, subject_id, student_id) values (859, 1, 13, 90);
insert into GRADE (id, mark, subject_id, student_id) values (860, 5, 22, 31);
insert into GRADE (id, mark, subject_id, student_id) values (861, 5, 11, 116);
insert into GRADE (id, mark, subject_id, student_id) values (862, 3, 17, 167);
insert into GRADE (id, mark, subject_id, student_id) values (863, 5, 4, 170);
insert into GRADE (id, mark, subject_id, student_id) values (864, 6, 11, 72);
insert into GRADE (id, mark, subject_id, student_id) values (865, 1, 16, 79);
insert into GRADE (id, mark, subject_id, student_id) values (866, 6, 4, 78);
insert into GRADE (id, mark, subject_id, student_id) values (867, 5, 6, 153);
insert into GRADE (id, mark, subject_id, student_id) values (868, 5, 5, 106);
insert into GRADE (id, mark, subject_id, student_id) values (869, 1, 21, 93);
insert into GRADE (id, mark, subject_id, student_id) values (870, 2, 14, 121);
insert into GRADE (id, mark, subject_id, student_id) values (871, 5, 17, 126);
insert into GRADE (id, mark, subject_id, student_id) values (872, 5, 24, 146);
insert into GRADE (id, mark, subject_id, student_id) values (873, 3, 24, 68);
insert into GRADE (id, mark, subject_id, student_id) values (874, 6, 29, 120);
insert into GRADE (id, mark, subject_id, student_id) values (875, 6, 3, 44);
insert into GRADE (id, mark, subject_id, student_id) values (876, 1, 24, 36);
insert into GRADE (id, mark, subject_id, student_id) values (877, 2, 30, 150);
insert into GRADE (id, mark, subject_id, student_id) values (878, 2, 13, 48);
insert into GRADE (id, mark, subject_id, student_id) values (879, 5, 9, 75);
insert into GRADE (id, mark, subject_id, student_id) values (880, 6, 15, 126);
insert into GRADE (id, mark, subject_id, student_id) values (881, 5, 18, 123);
insert into GRADE (id, mark, subject_id, student_id) values (882, 4, 8, 144);
insert into GRADE (id, mark, subject_id, student_id) values (883, 4, 17, 115);
insert into GRADE (id, mark, subject_id, student_id) values (884, 2, 28, 96);
insert into GRADE (id, mark, subject_id, student_id) values (885, 4, 24, 39);
insert into GRADE (id, mark, subject_id, student_id) values (886, 3, 3, 170);
insert into GRADE (id, mark, subject_id, student_id) values (887, 1, 9, 82);
insert into GRADE (id, mark, subject_id, student_id) values (888, 2, 5, 51);
insert into GRADE (id, mark, subject_id, student_id) values (889, 2, 3, 77);
insert into GRADE (id, mark, subject_id, student_id) values (890, 5, 14, 35);
insert into GRADE (id, mark, subject_id, student_id) values (891, 5, 11, 122);
insert into GRADE (id, mark, subject_id, student_id) values (892, 6, 7, 165);
insert into GRADE (id, mark, subject_id, student_id) values (893, 3, 15, 161);
insert into GRADE (id, mark, subject_id, student_id) values (894, 2, 1, 62);
insert into GRADE (id, mark, subject_id, student_id) values (895, 2, 25, 141);
insert into GRADE (id, mark, subject_id, student_id) values (896, 3, 4, 180);
insert into GRADE (id, mark, subject_id, student_id) values (897, 2, 7, 174);
insert into GRADE (id, mark, subject_id, student_id) values (898, 3, 27, 42);
insert into GRADE (id, mark, subject_id, student_id) values (899, 4, 7, 180);
insert into GRADE (id, mark, subject_id, student_id) values (900, 5, 29, 165);
insert into GRADE (id, mark, subject_id, student_id) values (901, 2, 6, 126);
insert into GRADE (id, mark, subject_id, student_id) values (902, 1, 15, 151);
insert into GRADE (id, mark, subject_id, student_id) values (903, 3, 22, 162);
insert into GRADE (id, mark, subject_id, student_id) values (904, 2, 23, 87);
insert into GRADE (id, mark, subject_id, student_id) values (905, 5, 19, 127);
insert into GRADE (id, mark, subject_id, student_id) values (906, 3, 7, 159);
insert into GRADE (id, mark, subject_id, student_id) values (907, 5, 2, 95);
insert into GRADE (id, mark, subject_id, student_id) values (908, 3, 21, 156);
insert into GRADE (id, mark, subject_id, student_id) values (909, 4, 14, 92);
insert into GRADE (id, mark, subject_id, student_id) values (910, 2, 23, 150);
insert into GRADE (id, mark, subject_id, student_id) values (911, 3, 15, 152);
insert into GRADE (id, mark, subject_id, student_id) values (912, 5, 9, 70);
insert into GRADE (id, mark, subject_id, student_id) values (913, 3, 1, 104);
insert into GRADE (id, mark, subject_id, student_id) values (914, 5, 27, 80);
insert into GRADE (id, mark, subject_id, student_id) values (915, 2, 25, 172);
insert into GRADE (id, mark, subject_id, student_id) values (916, 3, 12, 168);
insert into GRADE (id, mark, subject_id, student_id) values (917, 1, 16, 141);
insert into GRADE (id, mark, subject_id, student_id) values (918, 4, 27, 54);
insert into GRADE (id, mark, subject_id, student_id) values (919, 6, 9, 134);
insert into GRADE (id, mark, subject_id, student_id) values (920, 4, 7, 31);
insert into GRADE (id, mark, subject_id, student_id) values (921, 1, 6, 107);
insert into GRADE (id, mark, subject_id, student_id) values (922, 6, 16, 121);
insert into GRADE (id, mark, subject_id, student_id) values (923, 5, 22, 64);
insert into GRADE (id, mark, subject_id, student_id) values (924, 2, 29, 86);
insert into GRADE (id, mark, subject_id, student_id) values (925, 5, 12, 56);
insert into GRADE (id, mark, subject_id, student_id) values (926, 3, 1, 123);
insert into GRADE (id, mark, subject_id, student_id) values (927, 6, 21, 145);
insert into GRADE (id, mark, subject_id, student_id) values (928, 4, 3, 127);
insert into GRADE (id, mark, subject_id, student_id) values (929, 1, 24, 46);
insert into GRADE (id, mark, subject_id, student_id) values (930, 1, 24, 105);
insert into GRADE (id, mark, subject_id, student_id) values (931, 6, 28, 41);
insert into GRADE (id, mark, subject_id, student_id) values (932, 1, 2, 156);
insert into GRADE (id, mark, subject_id, student_id) values (933, 3, 29, 175);
insert into GRADE (id, mark, subject_id, student_id) values (934, 4, 3, 104);
insert into GRADE (id, mark, subject_id, student_id) values (935, 6, 13, 145);
insert into GRADE (id, mark, subject_id, student_id) values (936, 4, 19, 108);
insert into GRADE (id, mark, subject_id, student_id) values (937, 5, 24, 107);
insert into GRADE (id, mark, subject_id, student_id) values (938, 6, 20, 131);
insert into GRADE (id, mark, subject_id, student_id) values (939, 3, 25, 121);
insert into GRADE (id, mark, subject_id, student_id) values (940, 6, 28, 92);
insert into GRADE (id, mark, subject_id, student_id) values (941, 1, 3, 91);
insert into GRADE (id, mark, subject_id, student_id) values (942, 1, 16, 110);
insert into GRADE (id, mark, subject_id, student_id) values (943, 6, 5, 76);
insert into GRADE (id, mark, subject_id, student_id) values (944, 6, 21, 33);
insert into GRADE (id, mark, subject_id, student_id) values (945, 5, 18, 123);
insert into GRADE (id, mark, subject_id, student_id) values (946, 6, 21, 175);
insert into GRADE (id, mark, subject_id, student_id) values (947, 6, 24, 178);
insert into GRADE (id, mark, subject_id, student_id) values (948, 4, 8, 49);
insert into GRADE (id, mark, subject_id, student_id) values (949, 4, 5, 128);
insert into GRADE (id, mark, subject_id, student_id) values (950, 5, 9, 157);
insert into GRADE (id, mark, subject_id, student_id) values (951, 2, 28, 99);
insert into GRADE (id, mark, subject_id, student_id) values (952, 3, 29, 104);
insert into GRADE (id, mark, subject_id, student_id) values (953, 5, 20, 86);
insert into GRADE (id, mark, subject_id, student_id) values (954, 1, 12, 160);
insert into GRADE (id, mark, subject_id, student_id) values (955, 4, 3, 116);
insert into GRADE (id, mark, subject_id, student_id) values (956, 1, 21, 114);
insert into GRADE (id, mark, subject_id, student_id) values (957, 5, 10, 137);
insert into GRADE (id, mark, subject_id, student_id) values (958, 6, 7, 66);
insert into GRADE (id, mark, subject_id, student_id) values (959, 5, 11, 113);
insert into GRADE (id, mark, subject_id, student_id) values (960, 3, 26, 46);
insert into GRADE (id, mark, subject_id, student_id) values (961, 6, 23, 89);
insert into GRADE (id, mark, subject_id, student_id) values (962, 3, 15, 72);
insert into GRADE (id, mark, subject_id, student_id) values (963, 1, 15, 142);
insert into GRADE (id, mark, subject_id, student_id) values (964, 3, 27, 47);
insert into GRADE (id, mark, subject_id, student_id) values (965, 3, 24, 55);
insert into GRADE (id, mark, subject_id, student_id) values (966, 3, 24, 118);
insert into GRADE (id, mark, subject_id, student_id) values (967, 3, 15, 98);
insert into GRADE (id, mark, subject_id, student_id) values (968, 2, 16, 69);
insert into GRADE (id, mark, subject_id, student_id) values (969, 3, 15, 84);
insert into GRADE (id, mark, subject_id, student_id) values (970, 5, 21, 127);
insert into GRADE (id, mark, subject_id, student_id) values (971, 6, 4, 106);
insert into GRADE (id, mark, subject_id, student_id) values (972, 6, 16, 118);
insert into GRADE (id, mark, subject_id, student_id) values (973, 3, 23, 103);
insert into GRADE (id, mark, subject_id, student_id) values (974, 6, 30, 117);
insert into GRADE (id, mark, subject_id, student_id) values (975, 1, 11, 162);
insert into GRADE (id, mark, subject_id, student_id) values (976, 2, 28, 162);
insert into GRADE (id, mark, subject_id, student_id) values (977, 1, 25, 36);
insert into GRADE (id, mark, subject_id, student_id) values (978, 5, 27, 177);
insert into GRADE (id, mark, subject_id, student_id) values (979, 6, 28, 105);
insert into GRADE (id, mark, subject_id, student_id) values (980, 2, 13, 159);
insert into GRADE (id, mark, subject_id, student_id) values (981, 5, 8, 146);
insert into GRADE (id, mark, subject_id, student_id) values (982, 3, 26, 179);
insert into GRADE (id, mark, subject_id, student_id) values (983, 6, 19, 97);
insert into GRADE (id, mark, subject_id, student_id) values (984, 4, 5, 127);
insert into GRADE (id, mark, subject_id, student_id) values (985, 3, 6, 140);
insert into GRADE (id, mark, subject_id, student_id) values (986, 6, 3, 43);
insert into GRADE (id, mark, subject_id, student_id) values (987, 3, 15, 102);
insert into GRADE (id, mark, subject_id, student_id) values (988, 3, 23, 122);
insert into GRADE (id, mark, subject_id, student_id) values (989, 3, 7, 31);
insert into GRADE (id, mark, subject_id, student_id) values (990, 3, 2, 133);
insert into GRADE (id, mark, subject_id, student_id) values (991, 2, 15, 174);
insert into GRADE (id, mark, subject_id, student_id) values (992, 3, 11, 74);
insert into GRADE (id, mark, subject_id, student_id) values (993, 2, 2, 39);
insert into GRADE (id, mark, subject_id, student_id) values (994, 3, 2, 38);
insert into GRADE (id, mark, subject_id, student_id) values (995, 6, 3, 108);
insert into GRADE (id, mark, subject_id, student_id) values (996, 2, 29, 144);
insert into GRADE (id, mark, subject_id, student_id) values (997, 6, 23, 135);
insert into GRADE (id, mark, subject_id, student_id) values (998, 5, 10, 100);
insert into GRADE (id, mark, subject_id, student_id) values (999, 3, 10, 89);
insert into GRADE (id, mark, subject_id, student_id) values (1000, 2, 25, 43);


insert into SUBJECT_SCHOOLCLASS (classes_id, subjects_id) values (1, 1);
insert into SUBJECT_SCHOOLCLASS (classes_id, subjects_id) values (1, 2);
insert into SUBJECT_SCHOOLCLASS (classes_id, subjects_id) values (1, 3);
insert into SUBJECT_SCHOOLCLASS (classes_id, subjects_id) values (1, 4);
insert into SUBJECT_SCHOOLCLASS (classes_id, subjects_id) values (1, 5);
insert into SUBJECT_SCHOOLCLASS (classes_id, subjects_id) values (1, 6);
insert into SUBJECT_SCHOOLCLASS (classes_id, subjects_id) values (1, 7);
insert into SUBJECT_SCHOOLCLASS (classes_id, subjects_id) values (1, 8);
insert into SUBJECT_SCHOOLCLASS (classes_id, subjects_id) values (1, 9);
insert into SUBJECT_SCHOOLCLASS (classes_id, subjects_id) values (1, 10);
insert into SUBJECT_SCHOOLCLASS (classes_id, subjects_id) values (1, 11);
insert into SUBJECT_SCHOOLCLASS (classes_id, subjects_id) values (1, 12);
insert into SUBJECT_SCHOOLCLASS (classes_id, subjects_id) values (1, 13);
insert into SUBJECT_SCHOOLCLASS (classes_id, subjects_id) values (1, 14);
insert into SUBJECT_SCHOOLCLASS (classes_id, subjects_id) values (1, 15);
insert into SUBJECT_SCHOOLCLASS (classes_id, subjects_id) values (2, 1);
insert into SUBJECT_SCHOOLCLASS (classes_id, subjects_id) values (2, 2);
insert into SUBJECT_SCHOOLCLASS (classes_id, subjects_id) values (2, 3);
insert into SUBJECT_SCHOOLCLASS (classes_id, subjects_id) values (2, 4);
insert into SUBJECT_SCHOOLCLASS (classes_id, subjects_id) values (2, 5);
insert into SUBJECT_SCHOOLCLASS (classes_id, subjects_id) values (2, 6);
insert into SUBJECT_SCHOOLCLASS (classes_id, subjects_id) values (2, 7);
insert into SUBJECT_SCHOOLCLASS (classes_id, subjects_id) values (2, 8);
insert into SUBJECT_SCHOOLCLASS (classes_id, subjects_id) values (2, 9);
insert into SUBJECT_SCHOOLCLASS (classes_id, subjects_id) values (2, 10);
insert into SUBJECT_SCHOOLCLASS (classes_id, subjects_id) values (2, 11);
insert into SUBJECT_SCHOOLCLASS (classes_id, subjects_id) values (2, 12);
insert into SUBJECT_SCHOOLCLASS (classes_id, subjects_id) values (2, 13);
insert into SUBJECT_SCHOOLCLASS (classes_id, subjects_id) values (2, 14);
insert into SUBJECT_SCHOOLCLASS (classes_id, subjects_id) values (2, 15);
insert into SUBJECT_SCHOOLCLASS (classes_id, subjects_id) values (3, 1);
insert into SUBJECT_SCHOOLCLASS (classes_id, subjects_id) values (3, 2);
insert into SUBJECT_SCHOOLCLASS (classes_id, subjects_id) values (3, 3);
insert into SUBJECT_SCHOOLCLASS (classes_id, subjects_id) values (3, 4);
insert into SUBJECT_SCHOOLCLASS (classes_id, subjects_id) values (3, 5);
insert into SUBJECT_SCHOOLCLASS (classes_id, subjects_id) values (3, 6);
insert into SUBJECT_SCHOOLCLASS (classes_id, subjects_id) values (3, 7);
insert into SUBJECT_SCHOOLCLASS (classes_id, subjects_id) values (3, 8);
insert into SUBJECT_SCHOOLCLASS (classes_id, subjects_id) values (3, 9);
insert into SUBJECT_SCHOOLCLASS (classes_id, subjects_id) values (3, 10);
insert into SUBJECT_SCHOOLCLASS (classes_id, subjects_id) values (3, 11);
insert into SUBJECT_SCHOOLCLASS (classes_id, subjects_id) values (3, 12);
insert into SUBJECT_SCHOOLCLASS (classes_id, subjects_id) values (3, 13);
insert into SUBJECT_SCHOOLCLASS (classes_id, subjects_id) values (3, 14);
insert into SUBJECT_SCHOOLCLASS (classes_id, subjects_id) values (3, 15);
insert into SUBJECT_SCHOOLCLASS (classes_id, subjects_id) values (4, 1);
insert into SUBJECT_SCHOOLCLASS (classes_id, subjects_id) values (4, 2);
insert into SUBJECT_SCHOOLCLASS (classes_id, subjects_id) values (4, 3);
insert into SUBJECT_SCHOOLCLASS (classes_id, subjects_id) values (4, 4);
insert into SUBJECT_SCHOOLCLASS (classes_id, subjects_id) values (4, 5);
insert into SUBJECT_SCHOOLCLASS (classes_id, subjects_id) values (4, 6);
insert into SUBJECT_SCHOOLCLASS (classes_id, subjects_id) values (4, 7);
insert into SUBJECT_SCHOOLCLASS (classes_id, subjects_id) values (4, 8);
insert into SUBJECT_SCHOOLCLASS (classes_id, subjects_id) values (4, 9);
insert into SUBJECT_SCHOOLCLASS (classes_id, subjects_id) values (4, 10);
insert into SUBJECT_SCHOOLCLASS (classes_id, subjects_id) values (4, 11);
insert into SUBJECT_SCHOOLCLASS (classes_id, subjects_id) values (4, 12);
insert into SUBJECT_SCHOOLCLASS (classes_id, subjects_id) values (4, 13);
insert into SUBJECT_SCHOOLCLASS (classes_id, subjects_id) values (4, 14);
insert into SUBJECT_SCHOOLCLASS (classes_id, subjects_id) values (4, 15);
insert into SUBJECT_SCHOOLCLASS (classes_id, subjects_id) values (5, 30 );
insert into SUBJECT_SCHOOLCLASS (classes_id, subjects_id) values (5, 29 );
insert into SUBJECT_SCHOOLCLASS (classes_id, subjects_id) values (5, 28 );
insert into SUBJECT_SCHOOLCLASS (classes_id, subjects_id) values (5, 27 );
insert into SUBJECT_SCHOOLCLASS (classes_id, subjects_id) values (5, 26 );
insert into SUBJECT_SCHOOLCLASS (classes_id, subjects_id) values (5, 25 );
insert into SUBJECT_SCHOOLCLASS (classes_id, subjects_id) values (5, 24);
insert into SUBJECT_SCHOOLCLASS (classes_id, subjects_id) values (5, 23 );
insert into SUBJECT_SCHOOLCLASS (classes_id, subjects_id) values (5, 22 );
insert into SUBJECT_SCHOOLCLASS (classes_id, subjects_id) values (5, 21);
insert into SUBJECT_SCHOOLCLASS (classes_id, subjects_id) values (5, 20);
insert into SUBJECT_SCHOOLCLASS (classes_id, subjects_id) values (5, 19);
insert into SUBJECT_SCHOOLCLASS (classes_id, subjects_id) values (5, 18);
insert into SUBJECT_SCHOOLCLASS (classes_id, subjects_id) values (5, 17);
insert into SUBJECT_SCHOOLCLASS (classes_id, subjects_id) values (5, 16);
insert into SUBJECT_SCHOOLCLASS (classes_id, subjects_id) values (6, 1);
insert into SUBJECT_SCHOOLCLASS (classes_id, subjects_id) values (6, 2);
insert into SUBJECT_SCHOOLCLASS (classes_id, subjects_id) values (6, 3);
insert into SUBJECT_SCHOOLCLASS (classes_id, subjects_id) values (6, 4);
insert into SUBJECT_SCHOOLCLASS (classes_id, subjects_id) values (6, 5);
insert into SUBJECT_SCHOOLCLASS (classes_id, subjects_id) values (6, 6);
insert into SUBJECT_SCHOOLCLASS (classes_id, subjects_id) values (6, 7);
insert into SUBJECT_SCHOOLCLASS (classes_id, subjects_id) values (6, 8);
insert into SUBJECT_SCHOOLCLASS (classes_id, subjects_id) values (6, 9);
insert into SUBJECT_SCHOOLCLASS (classes_id, subjects_id) values (6, 10);
insert into SUBJECT_SCHOOLCLASS (classes_id, subjects_id) values (6, 11);
insert into SUBJECT_SCHOOLCLASS (classes_id, subjects_id) values (6, 12);
insert into SUBJECT_SCHOOLCLASS (classes_id, subjects_id) values (6, 13);
insert into SUBJECT_SCHOOLCLASS (classes_id, subjects_id) values (6, 14);
insert into SUBJECT_SCHOOLCLASS (classes_id, subjects_id) values (6, 15);
insert into SUBJECT_SCHOOLCLASS (classes_id, subjects_id) values (7, 1);
insert into SUBJECT_SCHOOLCLASS (classes_id, subjects_id) values (7, 2);
insert into SUBJECT_SCHOOLCLASS (classes_id, subjects_id) values (7, 3);
insert into SUBJECT_SCHOOLCLASS (classes_id, subjects_id) values (7, 4);
insert into SUBJECT_SCHOOLCLASS (classes_id, subjects_id) values (7, 5);
insert into SUBJECT_SCHOOLCLASS (classes_id, subjects_id) values (7, 6);
insert into SUBJECT_SCHOOLCLASS (classes_id, subjects_id) values (7, 7);
insert into SUBJECT_SCHOOLCLASS (classes_id, subjects_id) values (7, 8);
insert into SUBJECT_SCHOOLCLASS (classes_id, subjects_id) values (7, 9);
insert into SUBJECT_SCHOOLCLASS (classes_id, subjects_id) values (7, 10);
insert into SUBJECT_SCHOOLCLASS (classes_id, subjects_id) values (7, 11);
insert into SUBJECT_SCHOOLCLASS (classes_id, subjects_id) values (7, 12);
insert into SUBJECT_SCHOOLCLASS (classes_id, subjects_id) values (7, 13);
insert into SUBJECT_SCHOOLCLASS (classes_id, subjects_id) values (7, 14);
insert into SUBJECT_SCHOOLCLASS (classes_id, subjects_id) values (7, 15);
insert into SUBJECT_SCHOOLCLASS (classes_id, subjects_id) values (8, 30 );
insert into SUBJECT_SCHOOLCLASS (classes_id, subjects_id) values (8, 29 );
insert into SUBJECT_SCHOOLCLASS (classes_id, subjects_id) values (8, 28 );
insert into SUBJECT_SCHOOLCLASS (classes_id, subjects_id) values (8, 27 );
insert into SUBJECT_SCHOOLCLASS (classes_id, subjects_id) values (8, 26 );
insert into SUBJECT_SCHOOLCLASS (classes_id, subjects_id) values (8, 25 );
insert into SUBJECT_SCHOOLCLASS (classes_id, subjects_id) values (8, 24 );
insert into SUBJECT_SCHOOLCLASS (classes_id, subjects_id) values (8, 23 );
insert into SUBJECT_SCHOOLCLASS (classes_id, subjects_id) values (8, 22 );
insert into SUBJECT_SCHOOLCLASS (classes_id, subjects_id) values (8, 21);
insert into SUBJECT_SCHOOLCLASS (classes_id, subjects_id) values (8, 20);
insert into SUBJECT_SCHOOLCLASS (classes_id, subjects_id) values (8, 19);
insert into SUBJECT_SCHOOLCLASS (classes_id, subjects_id) values (8, 18);
insert into SUBJECT_SCHOOLCLASS (classes_id, subjects_id) values (8, 17);
insert into SUBJECT_SCHOOLCLASS (classes_id, subjects_id) values (8, 16);
insert into SUBJECT_SCHOOLCLASS (classes_id, subjects_id) values (9, 1);
insert into SUBJECT_SCHOOLCLASS (classes_id, subjects_id) values (9, 2);
insert into SUBJECT_SCHOOLCLASS (classes_id, subjects_id) values (9, 3);
insert into SUBJECT_SCHOOLCLASS (classes_id, subjects_id) values (9, 4);
insert into SUBJECT_SCHOOLCLASS (classes_id, subjects_id) values (9, 5);
insert into SUBJECT_SCHOOLCLASS (classes_id, subjects_id) values (9, 6);
insert into SUBJECT_SCHOOLCLASS (classes_id, subjects_id) values (9, 7);
insert into SUBJECT_SCHOOLCLASS (classes_id, subjects_id) values (9, 8);
insert into SUBJECT_SCHOOLCLASS (classes_id, subjects_id) values (9, 9);
insert into SUBJECT_SCHOOLCLASS (classes_id, subjects_id) values (9, 10);
insert into SUBJECT_SCHOOLCLASS (classes_id, subjects_id) values (9, 11);
insert into SUBJECT_SCHOOLCLASS (classes_id, subjects_id) values (9, 12);
insert into SUBJECT_SCHOOLCLASS (classes_id, subjects_id) values (9, 13);
insert into SUBJECT_SCHOOLCLASS (classes_id, subjects_id) values (9, 14);
insert into SUBJECT_SCHOOLCLASS (classes_id, subjects_id) values (9, 15);
insert into SUBJECT_SCHOOLCLASS (classes_id, subjects_id) values (10, 16 );
insert into SUBJECT_SCHOOLCLASS (classes_id, subjects_id) values (10, 17 );
insert into SUBJECT_SCHOOLCLASS (classes_id, subjects_id) values (10, 18 );
insert into SUBJECT_SCHOOLCLASS (classes_id, subjects_id) values (10, 19 );
insert into SUBJECT_SCHOOLCLASS (classes_id, subjects_id) values (10, 20 );
insert into SUBJECT_SCHOOLCLASS (classes_id, subjects_id) values (10, 21 );
insert into SUBJECT_SCHOOLCLASS (classes_id, subjects_id) values (10, 22 );
insert into SUBJECT_SCHOOLCLASS (classes_id, subjects_id) values (10, 23 );
insert into SUBJECT_SCHOOLCLASS (classes_id, subjects_id) values (10, 24 );
insert into SUBJECT_SCHOOLCLASS (classes_id, subjects_id) values (10, 25);
insert into SUBJECT_SCHOOLCLASS (classes_id, subjects_id) values (10, 26);
insert into SUBJECT_SCHOOLCLASS (classes_id, subjects_id) values (10, 27);
insert into SUBJECT_SCHOOLCLASS (classes_id, subjects_id) values (10, 28);
insert into SUBJECT_SCHOOLCLASS (classes_id, subjects_id) values (10, 29);
insert into SUBJECT_SCHOOLCLASS (classes_id, subjects_id) values (10, 30);

