insert into PERSON (id, BirthDate, FIRSTNAME, LASTNAME, login, password, Pesel) values (1, '1974-08-17', 'Osmund', 'Inder', 'Osmund Inder', '$2a$12$Yv17VjvGgKVZ5PzdRtoZVebu/nnMaDld0PwMwoD.B7386OItBXPfC', '27260677439');
insert into PERSON (id, BirthDate, FIRSTNAME, LASTNAME, login, password, Pesel) values (2, '1978-10-29', 'Gabbie', 'Mateuszczyk', 'Gabbie Mateuszczyk', '$2a$12$Yv17VjvGgKVZ5PzdRtoZVebu/nnMaDld0PwMwoD.B7386OItBXPfC', '72846906860');
insert into PERSON (id, BirthDate, FIRSTNAME, LASTNAME, login, password, Pesel) values (3, '1980-09-05', 'Eve', 'Sutliff', 'Eve Sutliff', '$2a$12$Yv17VjvGgKVZ5PzdRtoZVebu/nnMaDld0PwMwoD.B7386OItBXPfC', '57518376631');
insert into PERSON (id, BirthDate, FIRSTNAME, LASTNAME, login, password, Pesel) values (4, '1986-01-30', 'Quinta', 'Ionnidis', 'Quinta Ionnidis', '$2a$12$Yv17VjvGgKVZ5PzdRtoZVebu/nnMaDld0PwMwoD.B7386OItBXPfC', '23581099425');
insert into PERSON (id, BirthDate, FIRSTNAME, LASTNAME, login, password, Pesel) values (5, '1977-12-19', 'Stephanie', 'Hearsum', 'Stephanie Hearsum', '$2a$12$Yv17VjvGgKVZ5PzdRtoZVebu/nnMaDld0PwMwoD.B7386OItBXPfC', '29212144390');
insert into PERSON (id, BirthDate, FIRSTNAME, LASTNAME, login, password, Pesel) values (6, '1970-01-29', 'Adriana', 'Kemet', 'Adriana Kemet', '$2a$12$Yv17VjvGgKVZ5PzdRtoZVebu/nnMaDld0PwMwoD.B7386OItBXPfC', '17907472117');
insert into PERSON (id, BirthDate, FIRSTNAME, LASTNAME, login, password, Pesel) values (7, '1982-02-17', 'Bert', 'O''Dunniom', 'Bert O''Dunniom', '$2a$12$Yv17VjvGgKVZ5PzdRtoZVebu/nnMaDld0PwMwoD.B7386OItBXPfC', '23756085033');
insert into PERSON (id, BirthDate, FIRSTNAME, LASTNAME, login, password, Pesel) values (8, '1974-03-20', 'Georas', 'Faldoe', 'Georas Faldoe', '$2a$12$Yv17VjvGgKVZ5PzdRtoZVebu/nnMaDld0PwMwoD.B7386OItBXPfC', '87693256433');
insert into PERSON (id, BirthDate, FIRSTNAME, LASTNAME, login, password, Pesel) values (9, '1984-05-02', 'Dianna', 'Griffin', 'Dianna Griffin', '$2a$12$Yv17VjvGgKVZ5PzdRtoZVebu/nnMaDld0PwMwoD.B7386OItBXPfC', '70903980589');
insert into PERSON (id, BirthDate, FIRSTNAME, LASTNAME, login, password, Pesel) values (10, '1993-09-27', 'Melly', 'Worsall', 'Melly Worsall', '$2a$12$Yv17VjvGgKVZ5PzdRtoZVebu/nnMaDld0PwMwoD.B7386OItBXPfC', '78627444598');
insert into PERSON (id, BirthDate, FIRSTNAME, LASTNAME, login, password, Pesel) values (11, '1990-10-25', 'Adeline', 'Castiglione', 'Adeline Castiglione', '$2a$12$Yv17VjvGgKVZ5PzdRtoZVebu/nnMaDld0PwMwoD.B7386OItBXPfC', '65319361204');
insert into PERSON (id, BirthDate, FIRSTNAME, LASTNAME, login, password, Pesel) values (12, '1992-08-26', 'Caralie', 'Pinkney', 'Caralie Pinkney', '$2a$12$Yv17VjvGgKVZ5PzdRtoZVebu/nnMaDld0PwMwoD.B7386OItBXPfC', '33154527700');
insert into PERSON (id, BirthDate, FIRSTNAME, LASTNAME, login, password, Pesel) values (13, '1992-12-15', 'Elisabeth', 'Di Napoli', 'Elisabeth Di Napoli', '$2a$12$Yv17VjvGgKVZ5PzdRtoZVebu/nnMaDld0PwMwoD.B7386OItBXPfC', '88537745874');
insert into PERSON (id, BirthDate, FIRSTNAME, LASTNAME, login, password, Pesel) values (14, '1970-04-25', 'Chandal', 'Pennaman', 'Chandal Pennaman', '$2a$12$Yv17VjvGgKVZ5PzdRtoZVebu/nnMaDld0PwMwoD.B7386OItBXPfC', '72332066708');
insert into PERSON (id, BirthDate, FIRSTNAME, LASTNAME, login, password, Pesel) values (15, '1988-04-25', 'Kellsie', 'Dornan', 'Kellsie Dornan', '$2a$12$Yv17VjvGgKVZ5PzdRtoZVebu/nnMaDld0PwMwoD.B7386OItBXPfC', '59747361937');
insert into PERSON (id, BirthDate, FIRSTNAME, LASTNAME, login, password, Pesel) values (16, '1971-12-19', 'Trisha', 'Lewknor', 'Trisha Lewknor', '$2a$12$Yv17VjvGgKVZ5PzdRtoZVebu/nnMaDld0PwMwoD.B7386OItBXPfC', '80838261028');
insert into PERSON (id, BirthDate, FIRSTNAME, LASTNAME, login, password, Pesel) values (17, '1993-08-20', 'Ronda', 'Meadmore', 'Ronda Meadmore', '$2a$12$Yv17VjvGgKVZ5PzdRtoZVebu/nnMaDld0PwMwoD.B7386OItBXPfC', '23217722060');
insert into PERSON (id, BirthDate, FIRSTNAME, LASTNAME, login, password, Pesel) values (18, '1986-12-15', 'Fayth', 'Shortan', 'Fayth Shortan', '$2a$12$Yv17VjvGgKVZ5PzdRtoZVebu/nnMaDld0PwMwoD.B7386OItBXPfC', '69645524045');
insert into PERSON (id, BirthDate, FIRSTNAME, LASTNAME, login, password, Pesel) values (19, '1969-12-25', 'Cathrine', 'Staden', 'Cathrine Staden', '$2a$12$Yv17VjvGgKVZ5PzdRtoZVebu/nnMaDld0PwMwoD.B7386OItBXPfC', '12244392546');
insert into PERSON (id, BirthDate, FIRSTNAME, LASTNAME, login, password, Pesel) values (20, '1978-10-30', 'Ursola', 'Surgeon', 'Ursola Surgeon', '$2a$12$Yv17VjvGgKVZ5PzdRtoZVebu/nnMaDld0PwMwoD.B7386OItBXPfC', '89650375488');
insert into PERSON (id, BirthDate, FIRSTNAME, LASTNAME, login, password, Pesel) values (21, '1975-11-04', 'Eugenie', 'Cudiff', 'Eugenie Cudiff', '$2a$12$Yv17VjvGgKVZ5PzdRtoZVebu/nnMaDld0PwMwoD.B7386OItBXPfC', '90194997163');
insert into PERSON (id, BirthDate, FIRSTNAME, LASTNAME, login, password, Pesel) values (22, '1976-04-24', 'Halsey', 'Matteuzzi', 'Halsey Matteuzzi', '$2a$12$Yv17VjvGgKVZ5PzdRtoZVebu/nnMaDld0PwMwoD.B7386OItBXPfC', '30280858316');
insert into PERSON (id, BirthDate, FIRSTNAME, LASTNAME, login, password, Pesel) values (23, '1993-10-03', 'Jemie', 'Matfin', 'Jemie Matfin', '$2a$12$Yv17VjvGgKVZ5PzdRtoZVebu/nnMaDld0PwMwoD.B7386OItBXPfC', '48735178694');
insert into PERSON (id, BirthDate, FIRSTNAME, LASTNAME, login, password, Pesel) values (24, '1983-12-29', 'Nappy', 'Tavernor', 'Nappy Tavernor', '$2a$12$Yv17VjvGgKVZ5PzdRtoZVebu/nnMaDld0PwMwoD.B7386OItBXPfC', '46870697318');
insert into PERSON (id, BirthDate, FIRSTNAME, LASTNAME, login, password, Pesel) values (25, '1978-04-30', 'Beverlee', 'Naire', 'Beverlee Naire', '$2a$12$Yv17VjvGgKVZ5PzdRtoZVebu/nnMaDld0PwMwoD.B7386OItBXPfC', '53018655260');
insert into PERSON (id, BirthDate, FIRSTNAME, LASTNAME, login, password, Pesel) values (26, '1985-03-07', 'Daniele', 'Pinwell', 'Daniele Pinwell', '$2a$12$Yv17VjvGgKVZ5PzdRtoZVebu/nnMaDld0PwMwoD.B7386OItBXPfC', '60152521652');
insert into PERSON (id, BirthDate, FIRSTNAME, LASTNAME, login, password, Pesel) values (27, '1976-03-09', 'Carly', 'Jarville', 'Carly Jarville', '$2a$12$Yv17VjvGgKVZ5PzdRtoZVebu/nnMaDld0PwMwoD.B7386OItBXPfC', '16756652099');
insert into PERSON (id, BirthDate, FIRSTNAME, LASTNAME, login, password, Pesel) values (28, '1994-04-10', 'Lefty', 'Liffey', 'Lefty Liffey', '$2a$12$Yv17VjvGgKVZ5PzdRtoZVebu/nnMaDld0PwMwoD.B7386OItBXPfC', '87884655963');
insert into PERSON (id, BirthDate, FIRSTNAME, LASTNAME, login, password, Pesel) values (29, '1980-07-12', 'Roxane', 'Hurlestone', 'Roxane Hurlestone', '$2a$12$Yv17VjvGgKVZ5PzdRtoZVebu/nnMaDld0PwMwoD.B7386OItBXPfC', '11635503242');
insert into PERSON (id, BirthDate, FIRSTNAME, LASTNAME, login, password, Pesel) values (30, '1979-12-13', 'Malvina', 'Blazevic', 'Malvina Blazevic', '$2a$12$Yv17VjvGgKVZ5PzdRtoZVebu/nnMaDld0PwMwoD.B7386OItBXPfC', '35672219756');
insert into PERSON (id, BirthDate, FIRSTNAME, LASTNAME, login, password, Pesel) values (31, '2001-11-11', 'Maribeth', 'Calvert', 'Maribeth Calvert', '$2a$12$Yv17VjvGgKVZ5PzdRtoZVebu/nnMaDld0PwMwoD.B7386OItBXPfC', '78266412842');
insert into PERSON (id, BirthDate, FIRSTNAME, LASTNAME, login, password, Pesel) values (32, '2005-03-07', 'Even', 'Drain', 'Even Drain', '$2a$12$Yv17VjvGgKVZ5PzdRtoZVebu/nnMaDld0PwMwoD.B7386OItBXPfC', '67951743310');
insert into PERSON (id, BirthDate, FIRSTNAME, LASTNAME, login, password, Pesel) values (33, '2001-01-02', 'Kiri', 'Creebo', 'Kiri Creebo', '$2a$12$Yv17VjvGgKVZ5PzdRtoZVebu/nnMaDld0PwMwoD.B7386OItBXPfC', '20210899187');
insert into PERSON (id, BirthDate, FIRSTNAME, LASTNAME, login, password, Pesel) values (34, '2002-01-15', 'Lenette', 'Cherry Holme', 'Lenette Cherry Holme', '$2a$12$Yv17VjvGgKVZ5PzdRtoZVebu/nnMaDld0PwMwoD.B7386OItBXPfC', '92041516395');
insert into PERSON (id, BirthDate, FIRSTNAME, LASTNAME, login, password, Pesel) values (35, '2002-09-22', 'Arturo', 'Fabler', 'Arturo Fabler', '$2a$12$Yv17VjvGgKVZ5PzdRtoZVebu/nnMaDld0PwMwoD.B7386OItBXPfC', '24069295063');
insert into PERSON (id, BirthDate, FIRSTNAME, LASTNAME, login, password, Pesel) values (36, '2001-03-04', 'Belicia', 'Manolov', 'Belicia Manolov', '$2a$12$Yv17VjvGgKVZ5PzdRtoZVebu/nnMaDld0PwMwoD.B7386OItBXPfC', '67395511978');
insert into PERSON (id, BirthDate, FIRSTNAME, LASTNAME, login, password, Pesel) values (37, '2004-12-06', 'Nevin', 'Eubank', 'Nevin Eubank', '$2a$12$Yv17VjvGgKVZ5PzdRtoZVebu/nnMaDld0PwMwoD.B7386OItBXPfC', '11617571865');
insert into PERSON (id, BirthDate, FIRSTNAME, LASTNAME, login, password, Pesel) values (38, '2003-11-06', 'Julio', 'Capineer', 'Julio Capineer', '$2a$12$Yv17VjvGgKVZ5PzdRtoZVebu/nnMaDld0PwMwoD.B7386OItBXPfC', '11819942820');
insert into PERSON (id, BirthDate, FIRSTNAME, LASTNAME, login, password, Pesel) values (39, '2005-02-07', 'Madeleine', 'Cully', 'Madeleine Cully', '$2a$12$Yv17VjvGgKVZ5PzdRtoZVebu/nnMaDld0PwMwoD.B7386OItBXPfC', '89782878445');
insert into PERSON (id, BirthDate, FIRSTNAME, LASTNAME, login, password, Pesel) values (40, '2000-10-01', 'Arvy', 'Gellett', 'Arvy Gellett', '$2a$12$Yv17VjvGgKVZ5PzdRtoZVebu/nnMaDld0PwMwoD.B7386OItBXPfC', '17014502019');
insert into PERSON (id, BirthDate, FIRSTNAME, LASTNAME, login, password, Pesel) values (41, '2005-03-04', 'Tuckie', 'Lammin', 'Tuckie Lammin', '$2a$12$Yv17VjvGgKVZ5PzdRtoZVebu/nnMaDld0PwMwoD.B7386OItBXPfC', '43580080403');
insert into PERSON (id, BirthDate, FIRSTNAME, LASTNAME, login, password, Pesel) values (42, '2005-01-13', 'Allix', 'Henrie', 'Allix Henrie', '$2a$12$Yv17VjvGgKVZ5PzdRtoZVebu/nnMaDld0PwMwoD.B7386OItBXPfC', '86516158229');
insert into PERSON (id, BirthDate, FIRSTNAME, LASTNAME, login, password, Pesel) values (43, '2000-10-20', 'Willy', 'Keys', 'Willy Keys', '$2a$12$Yv17VjvGgKVZ5PzdRtoZVebu/nnMaDld0PwMwoD.B7386OItBXPfC', '55606075828');
insert into PERSON (id, BirthDate, FIRSTNAME, LASTNAME, login, password, Pesel) values (44, '2005-02-05', 'Viola', 'Graffin', 'Viola Graffin', '$2a$12$Yv17VjvGgKVZ5PzdRtoZVebu/nnMaDld0PwMwoD.B7386OItBXPfC', '48752430168');
insert into PERSON (id, BirthDate, FIRSTNAME, LASTNAME, login, password, Pesel) values (45, '2004-07-25', 'Selena', 'Balk', 'Selena Balk', '$2a$12$Yv17VjvGgKVZ5PzdRtoZVebu/nnMaDld0PwMwoD.B7386OItBXPfC', '94887708406');
insert into PERSON (id, BirthDate, FIRSTNAME, LASTNAME, login, password, Pesel) values (46, '2004-12-12', 'Idaline', 'Binstead', 'Idaline Binstead', '$2a$12$Yv17VjvGgKVZ5PzdRtoZVebu/nnMaDld0PwMwoD.B7386OItBXPfC', '68693224292');
insert into PERSON (id, BirthDate, FIRSTNAME, LASTNAME, login, password, Pesel) values (47, '2003-03-10', 'Windy', 'McEvay', 'Windy McEvay', '$2a$12$Yv17VjvGgKVZ5PzdRtoZVebu/nnMaDld0PwMwoD.B7386OItBXPfC', '19487645340');
insert into PERSON (id, BirthDate, FIRSTNAME, LASTNAME, login, password, Pesel) values (48, '2004-05-27', 'Scarlet', 'Cristofolini', 'Scarlet Cristofolini', '$2a$12$Yv17VjvGgKVZ5PzdRtoZVebu/nnMaDld0PwMwoD.B7386OItBXPfC', '84885012663');
insert into PERSON (id, BirthDate, FIRSTNAME, LASTNAME, login, password, Pesel) values (49, '2003-11-18', 'Aubree', 'Gracewood', 'Aubree Gracewood', '$2a$12$Yv17VjvGgKVZ5PzdRtoZVebu/nnMaDld0PwMwoD.B7386OItBXPfC', '81558653123');
insert into PERSON (id, BirthDate, FIRSTNAME, LASTNAME, login, password, Pesel) values (50, '2004-09-19', 'Valle', 'Joannic', 'Valle Joannic', '$2a$12$Yv17VjvGgKVZ5PzdRtoZVebu/nnMaDld0PwMwoD.B7386OItBXPfC', '62902699523');
insert into PERSON (id, BirthDate, FIRSTNAME, LASTNAME, login, password, Pesel) values (51, '2003-05-19', 'Yancy', 'Elington', 'Yancy Elington', '$2a$12$Yv17VjvGgKVZ5PzdRtoZVebu/nnMaDld0PwMwoD.B7386OItBXPfC', '52311819025');
insert into PERSON (id, BirthDate, FIRSTNAME, LASTNAME, login, password, Pesel) values (52, '2004-10-27', 'Talyah', 'De Gregorio', 'Talyah De Gregorio', '$2a$12$Yv17VjvGgKVZ5PzdRtoZVebu/nnMaDld0PwMwoD.B7386OItBXPfC', '26199154808');
insert into PERSON (id, BirthDate, FIRSTNAME, LASTNAME, login, password, Pesel) values (53, '2001-08-24', 'Bamby', 'Beddis', 'Bamby Beddis', '$2a$12$Yv17VjvGgKVZ5PzdRtoZVebu/nnMaDld0PwMwoD.B7386OItBXPfC', '70889469663');
insert into PERSON (id, BirthDate, FIRSTNAME, LASTNAME, login, password, Pesel) values (54, '2003-03-03', 'Briny', 'Greenshiels', 'Briny Greenshiels', '$2a$12$Yv17VjvGgKVZ5PzdRtoZVebu/nnMaDld0PwMwoD.B7386OItBXPfC', '27740544576');
insert into PERSON (id, BirthDate, FIRSTNAME, LASTNAME, login, password, Pesel) values (55, '2002-04-27', 'Syman', 'Lukins', 'Syman Lukins', '$2a$12$Yv17VjvGgKVZ5PzdRtoZVebu/nnMaDld0PwMwoD.B7386OItBXPfC', '28351658953');
insert into PERSON (id, BirthDate, FIRSTNAME, LASTNAME, login, password, Pesel) values (56, '2001-07-21', 'Bernadine', 'Pantecost', 'Bernadine Pantecost', '$2a$12$Yv17VjvGgKVZ5PzdRtoZVebu/nnMaDld0PwMwoD.B7386OItBXPfC', '52544215513');
insert into PERSON (id, BirthDate, FIRSTNAME, LASTNAME, login, password, Pesel) values (57, '2004-05-23', 'Hobey', 'MacRorie', 'Hobey MacRorie', '$2a$12$Yv17VjvGgKVZ5PzdRtoZVebu/nnMaDld0PwMwoD.B7386OItBXPfC', '79150352641');
insert into PERSON (id, BirthDate, FIRSTNAME, LASTNAME, login, password, Pesel) values (58, '2004-08-19', 'Barry', 'Highnam', 'Barry Highnam', '$2a$12$Yv17VjvGgKVZ5PzdRtoZVebu/nnMaDld0PwMwoD.B7386OItBXPfC', '46930702659');
insert into PERSON (id, BirthDate, FIRSTNAME, LASTNAME, login, password, Pesel) values (59, '2004-09-18', 'Fran', 'Hinzer', 'Fran Hinzer', '$2a$12$Yv17VjvGgKVZ5PzdRtoZVebu/nnMaDld0PwMwoD.B7386OItBXPfC', '95670367422');
insert into PERSON (id, BirthDate, FIRSTNAME, LASTNAME, login, password, Pesel) values (60, '2004-02-01', 'Kile', 'Sexton', 'Kile Sexton', '$2a$12$Yv17VjvGgKVZ5PzdRtoZVebu/nnMaDld0PwMwoD.B7386OItBXPfC', '42323231753');
insert into PERSON (id, BirthDate, FIRSTNAME, LASTNAME, login, password, Pesel) values (61, '2001-04-29', 'Esmaria', 'Episcopi', 'Esmaria Episcopi', '$2a$12$Yv17VjvGgKVZ5PzdRtoZVebu/nnMaDld0PwMwoD.B7386OItBXPfC', '43451564222');
insert into PERSON (id, BirthDate, FIRSTNAME, LASTNAME, login, password, Pesel) values (62, '2000-12-30', 'Georgetta', 'Stiggers', 'Georgetta Stiggers', '$2a$12$Yv17VjvGgKVZ5PzdRtoZVebu/nnMaDld0PwMwoD.B7386OItBXPfC', '35406790378');
insert into PERSON (id, BirthDate, FIRSTNAME, LASTNAME, login, password, Pesel) values (63, '2005-04-14', 'Sharline', 'Mc Caughan', 'Sharline Mc Caughan', '$2a$12$Yv17VjvGgKVZ5PzdRtoZVebu/nnMaDld0PwMwoD.B7386OItBXPfC', '26713362509');
insert into PERSON (id, BirthDate, FIRSTNAME, LASTNAME, login, password, Pesel) values (64, '2005-02-04', 'Eldin', 'Valek', 'Eldin Valek', '$2a$12$Yv17VjvGgKVZ5PzdRtoZVebu/nnMaDld0PwMwoD.B7386OItBXPfC', '81697332610');
insert into PERSON (id, BirthDate, FIRSTNAME, LASTNAME, login, password, Pesel) values (65, '2001-07-14', 'Rois', 'Normanville', 'Rois Normanville', '$2a$12$Yv17VjvGgKVZ5PzdRtoZVebu/nnMaDld0PwMwoD.B7386OItBXPfC', '13184179079');
insert into PERSON (id, BirthDate, FIRSTNAME, LASTNAME, login, password, Pesel) values (66, '2002-10-08', 'Carolin', 'Gudd', 'Carolin Gudd', '$2a$12$Yv17VjvGgKVZ5PzdRtoZVebu/nnMaDld0PwMwoD.B7386OItBXPfC', '16155338894');
insert into PERSON (id, BirthDate, FIRSTNAME, LASTNAME, login, password, Pesel) values (67, '2003-11-23', 'Steven', 'Weir', 'Steven Weir', '$2a$12$Yv17VjvGgKVZ5PzdRtoZVebu/nnMaDld0PwMwoD.B7386OItBXPfC', '30458992535');
insert into PERSON (id, BirthDate, FIRSTNAME, LASTNAME, login, password, Pesel) values (68, '2001-09-14', 'Joete', 'Maleham', 'Joete Maleham', '$2a$12$Yv17VjvGgKVZ5PzdRtoZVebu/nnMaDld0PwMwoD.B7386OItBXPfC', '51412249664');
insert into PERSON (id, BirthDate, FIRSTNAME, LASTNAME, login, password, Pesel) values (69, '2002-11-05', 'Deonne', 'Mulhill', 'Deonne Mulhill', '$2a$12$Yv17VjvGgKVZ5PzdRtoZVebu/nnMaDld0PwMwoD.B7386OItBXPfC', '34756458612');
insert into PERSON (id, BirthDate, FIRSTNAME, LASTNAME, login, password, Pesel) values (70, '2004-06-09', 'Barr', 'Menichini', 'Barr Menichini', '$2a$12$Yv17VjvGgKVZ5PzdRtoZVebu/nnMaDld0PwMwoD.B7386OItBXPfC', '27066750028');
insert into PERSON (id, BirthDate, FIRSTNAME, LASTNAME, login, password, Pesel) values (71, '2004-07-01', 'Ruddie', 'Soars', 'Ruddie Soars', '$2a$12$Yv17VjvGgKVZ5PzdRtoZVebu/nnMaDld0PwMwoD.B7386OItBXPfC', '29578627334');
insert into PERSON (id, BirthDate, FIRSTNAME, LASTNAME, login, password, Pesel) values (72, '2001-08-07', 'Rosalyn', 'McLuckie', 'Rosalyn McLuckie', '$2a$12$Yv17VjvGgKVZ5PzdRtoZVebu/nnMaDld0PwMwoD.B7386OItBXPfC', '75077896895');
insert into PERSON (id, BirthDate, FIRSTNAME, LASTNAME, login, password, Pesel) values (73, '2003-01-28', 'Armin', 'Prettyman', 'Armin Prettyman', '$2a$12$Yv17VjvGgKVZ5PzdRtoZVebu/nnMaDld0PwMwoD.B7386OItBXPfC', '85396085043');
insert into PERSON (id, BirthDate, FIRSTNAME, LASTNAME, login, password, Pesel) values (74, '2002-05-09', 'Kile', 'Stenton', 'Kile Stenton', '$2a$12$Yv17VjvGgKVZ5PzdRtoZVebu/nnMaDld0PwMwoD.B7386OItBXPfC', '15432087621');
insert into PERSON (id, BirthDate, FIRSTNAME, LASTNAME, login, password, Pesel) values (75, '2003-03-28', 'Gerome', 'Frenzl', 'Gerome Frenzl', '$2a$12$Yv17VjvGgKVZ5PzdRtoZVebu/nnMaDld0PwMwoD.B7386OItBXPfC', '97887911799');
insert into PERSON (id, BirthDate, FIRSTNAME, LASTNAME, login, password, Pesel) values (76, '2002-10-14', 'Lucretia', 'Smoote', 'Lucretia Smoote', '$2a$12$Yv17VjvGgKVZ5PzdRtoZVebu/nnMaDld0PwMwoD.B7386OItBXPfC', '42176801652');
insert into PERSON (id, BirthDate, FIRSTNAME, LASTNAME, login, password, Pesel) values (77, '2005-03-01', 'Sherm', 'Harston', 'Sherm Harston', '$2a$12$Yv17VjvGgKVZ5PzdRtoZVebu/nnMaDld0PwMwoD.B7386OItBXPfC', '62944893974');
insert into PERSON (id, BirthDate, FIRSTNAME, LASTNAME, login, password, Pesel) values (78, '2002-05-22', 'Christie', 'Hitcham', 'Christie Hitcham', '$2a$12$Yv17VjvGgKVZ5PzdRtoZVebu/nnMaDld0PwMwoD.B7386OItBXPfC', '48976587827');
insert into PERSON (id, BirthDate, FIRSTNAME, LASTNAME, login, password, Pesel) values (79, '2003-09-21', 'Lyda', 'Isac', 'Lyda Isac', '$2a$12$Yv17VjvGgKVZ5PzdRtoZVebu/nnMaDld0PwMwoD.B7386OItBXPfC', '49067900794');
insert into PERSON (id, BirthDate, FIRSTNAME, LASTNAME, login, password, Pesel) values (80, '2004-04-21', 'Nicol', 'Fone', 'Nicol Fone', '$2a$12$Yv17VjvGgKVZ5PzdRtoZVebu/nnMaDld0PwMwoD.B7386OItBXPfC', '49177914964');
insert into PERSON (id, BirthDate, FIRSTNAME, LASTNAME, login, password, Pesel) values (81, '2003-02-24', 'Tessy', 'Hamlet', 'Tessy Hamlet', '$2a$12$Yv17VjvGgKVZ5PzdRtoZVebu/nnMaDld0PwMwoD.B7386OItBXPfC', '51278960498');
insert into PERSON (id, BirthDate, FIRSTNAME, LASTNAME, login, password, Pesel) values (82, '2001-03-05', 'Georgeanne', 'Lombard', 'Georgeanne Lombard', '$2a$12$Yv17VjvGgKVZ5PzdRtoZVebu/nnMaDld0PwMwoD.B7386OItBXPfC', '96082541738');
insert into PERSON (id, BirthDate, FIRSTNAME, LASTNAME, login, password, Pesel) values (83, '2001-12-03', 'Harv', 'Nancekivell', 'Harv Nancekivell', '$2a$12$Yv17VjvGgKVZ5PzdRtoZVebu/nnMaDld0PwMwoD.B7386OItBXPfC', '61087201106');
insert into PERSON (id, BirthDate, FIRSTNAME, LASTNAME, login, password, Pesel) values (84, '2004-10-15', 'North', 'Curreen', 'North Curreen', '$2a$12$Yv17VjvGgKVZ5PzdRtoZVebu/nnMaDld0PwMwoD.B7386OItBXPfC', '75722631382');
insert into PERSON (id, BirthDate, FIRSTNAME, LASTNAME, login, password, Pesel) values (85, '2000-10-17', 'Othella', 'Arminger', 'Othella Arminger', '$2a$12$Yv17VjvGgKVZ5PzdRtoZVebu/nnMaDld0PwMwoD.B7386OItBXPfC', '39949068004');
insert into PERSON (id, BirthDate, FIRSTNAME, LASTNAME, login, password, Pesel) values (86, '2004-07-16', 'Maggi', 'Wraggs', 'Maggi Wraggs', '$2a$12$Yv17VjvGgKVZ5PzdRtoZVebu/nnMaDld0PwMwoD.B7386OItBXPfC', '72148973948');
insert into PERSON (id, BirthDate, FIRSTNAME, LASTNAME, login, password, Pesel) values (87, '2004-05-20', 'Arnuad', 'Hassan', 'Arnuad Hassan', '$2a$12$Yv17VjvGgKVZ5PzdRtoZVebu/nnMaDld0PwMwoD.B7386OItBXPfC', '80154856392');
insert into PERSON (id, BirthDate, FIRSTNAME, LASTNAME, login, password, Pesel) values (88, '2001-10-31', 'Nichole', 'Kief', 'Nichole Kief', '$2a$12$Yv17VjvGgKVZ5PzdRtoZVebu/nnMaDld0PwMwoD.B7386OItBXPfC', '22160279231');
insert into PERSON (id, BirthDate, FIRSTNAME, LASTNAME, login, password, Pesel) values (89, '2005-02-26', 'Nisse', 'Degoix', 'Nisse Degoix', '$2a$12$Yv17VjvGgKVZ5PzdRtoZVebu/nnMaDld0PwMwoD.B7386OItBXPfC', '70239335095');
insert into PERSON (id, BirthDate, FIRSTNAME, LASTNAME, login, password, Pesel) values (90, '2001-07-08', 'Fianna', 'Smithson', 'Fianna Smithson', '$2a$12$Yv17VjvGgKVZ5PzdRtoZVebu/nnMaDld0PwMwoD.B7386OItBXPfC', '56137596624');
insert into PERSON (id, BirthDate, FIRSTNAME, LASTNAME, login, password, Pesel) values (91, '2004-05-25', 'James', 'Deetch', 'James Deetch', '$2a$12$Yv17VjvGgKVZ5PzdRtoZVebu/nnMaDld0PwMwoD.B7386OItBXPfC', '68926510758');
insert into PERSON (id, BirthDate, FIRSTNAME, LASTNAME, login, password, Pesel) values (92, '2005-02-21', 'Sophey', 'Thumann', 'Sophey Thumann', '$2a$12$Yv17VjvGgKVZ5PzdRtoZVebu/nnMaDld0PwMwoD.B7386OItBXPfC', '35859814408');
insert into PERSON (id, BirthDate, FIRSTNAME, LASTNAME, login, password, Pesel) values (93, '2002-09-27', 'Ed', 'De Carolis', 'Ed De Carolis', '$2a$12$Yv17VjvGgKVZ5PzdRtoZVebu/nnMaDld0PwMwoD.B7386OItBXPfC', '60716191465');
insert into PERSON (id, BirthDate, FIRSTNAME, LASTNAME, login, password, Pesel) values (94, '2005-05-23', 'Gretal', 'Forsard', 'Gretal Forsard', '$2a$12$Yv17VjvGgKVZ5PzdRtoZVebu/nnMaDld0PwMwoD.B7386OItBXPfC', '37515434438');
insert into PERSON (id, BirthDate, FIRSTNAME, LASTNAME, login, password, Pesel) values (95, '2003-02-11', 'Nevile', 'Pigott', 'Nevile Pigott', '$2a$12$Yv17VjvGgKVZ5PzdRtoZVebu/nnMaDld0PwMwoD.B7386OItBXPfC', '49420684302');
insert into PERSON (id, BirthDate, FIRSTNAME, LASTNAME, login, password, Pesel) values (96, '2003-01-29', 'Leonard', 'Biggins', 'Leonard Biggins', '$2a$12$Yv17VjvGgKVZ5PzdRtoZVebu/nnMaDld0PwMwoD.B7386OItBXPfC', '83076856206');
insert into PERSON (id, BirthDate, FIRSTNAME, LASTNAME, login, password, Pesel) values (97, '2001-09-23', 'Pen', 'Lorenc', 'Pen Lorenc', '$2a$12$Yv17VjvGgKVZ5PzdRtoZVebu/nnMaDld0PwMwoD.B7386OItBXPfC', '58045893157');
insert into PERSON (id, BirthDate, FIRSTNAME, LASTNAME, login, password, Pesel) values (98, '2004-10-28', 'Donaugh', 'Ciric', 'Donaugh Ciric', '$2a$12$Yv17VjvGgKVZ5PzdRtoZVebu/nnMaDld0PwMwoD.B7386OItBXPfC', '22584066007');
insert into PERSON (id, BirthDate, FIRSTNAME, LASTNAME, login, password, Pesel) values (99, '2002-03-03', 'Jaynell', 'McIlvoray', 'Jaynell McIlvoray', '$2a$12$Yv17VjvGgKVZ5PzdRtoZVebu/nnMaDld0PwMwoD.B7386OItBXPfC', '29919317688');
insert into PERSON (id, BirthDate, FIRSTNAME, LASTNAME, login, password, Pesel) values (100, '2003-01-30', 'Jaimie', 'Cardenas', 'Jaimie Cardenas', '$2a$12$Yv17VjvGgKVZ5PzdRtoZVebu/nnMaDld0PwMwoD.B7386OItBXPfC', '27152235725');
insert into PERSON (id, BirthDate, FIRSTNAME, LASTNAME, login, password, Pesel) values (101, '2003-03-09', 'Drucy', 'Swaton', 'Drucy Swaton', '$2a$12$Yv17VjvGgKVZ5PzdRtoZVebu/nnMaDld0PwMwoD.B7386OItBXPfC', '71019584873');
insert into PERSON (id, BirthDate, FIRSTNAME, LASTNAME, login, password, Pesel) values (102, '2003-06-15', 'Chevy', 'Desseine', 'Chevy Desseine', '$2a$12$Yv17VjvGgKVZ5PzdRtoZVebu/nnMaDld0PwMwoD.B7386OItBXPfC', '27831802353');
insert into PERSON (id, BirthDate, FIRSTNAME, LASTNAME, login, password, Pesel) values (103, '2000-06-29', 'Sherie', 'Shird', 'Sherie Shird', '$2a$12$Yv17VjvGgKVZ5PzdRtoZVebu/nnMaDld0PwMwoD.B7386OItBXPfC', '97319634091');
insert into PERSON (id, BirthDate, FIRSTNAME, LASTNAME, login, password, Pesel) values (104, '2005-03-28', 'Lance', 'Klazenga', 'Lance Klazenga', '$2a$12$Yv17VjvGgKVZ5PzdRtoZVebu/nnMaDld0PwMwoD.B7386OItBXPfC', '22349196272');
insert into PERSON (id, BirthDate, FIRSTNAME, LASTNAME, login, password, Pesel) values (105, '2004-10-29', 'Julissa', 'Dabbs', 'Julissa Dabbs', '$2a$12$Yv17VjvGgKVZ5PzdRtoZVebu/nnMaDld0PwMwoD.B7386OItBXPfC', '68370372829');
insert into PERSON (id, BirthDate, FIRSTNAME, LASTNAME, login, password, Pesel) values (106, '2004-03-11', 'Myrta', 'Twine', 'Myrta Twine', '$2a$12$Yv17VjvGgKVZ5PzdRtoZVebu/nnMaDld0PwMwoD.B7386OItBXPfC', '35735233227');
insert into PERSON (id, BirthDate, FIRSTNAME, LASTNAME, login, password, Pesel) values (107, '2002-11-17', 'Marcile', 'Stack', 'Marcile Stack', '$2a$12$Yv17VjvGgKVZ5PzdRtoZVebu/nnMaDld0PwMwoD.B7386OItBXPfC', '11388285096');
insert into PERSON (id, BirthDate, FIRSTNAME, LASTNAME, login, password, Pesel) values (108, '2001-01-25', 'Margi', 'Winfrey', 'Margi Winfrey', '$2a$12$Yv17VjvGgKVZ5PzdRtoZVebu/nnMaDld0PwMwoD.B7386OItBXPfC', '16592333198');
insert into PERSON (id, BirthDate, FIRSTNAME, LASTNAME, login, password, Pesel) values (109, '2003-07-26', 'Janette', 'Corston', 'Janette Corston', '$2a$12$Yv17VjvGgKVZ5PzdRtoZVebu/nnMaDld0PwMwoD.B7386OItBXPfC', '49502673366');
insert into PERSON (id, BirthDate, FIRSTNAME, LASTNAME, login, password, Pesel) values (110, '2004-03-09', 'Martynne', 'Tremblet', 'Martynne Tremblet', '$2a$12$Yv17VjvGgKVZ5PzdRtoZVebu/nnMaDld0PwMwoD.B7386OItBXPfC', '69076011849');
insert into PERSON (id, BirthDate, FIRSTNAME, LASTNAME, login, password, Pesel) values (111, '2002-12-05', 'Bron', 'Madden', 'Bron Madden', '$2a$12$Yv17VjvGgKVZ5PzdRtoZVebu/nnMaDld0PwMwoD.B7386OItBXPfC', '94450528728');
insert into PERSON (id, BirthDate, FIRSTNAME, LASTNAME, login, password, Pesel) values (112, '2002-05-13', 'Meghan', 'Bearward', 'Meghan Bearward', '$2a$12$Yv17VjvGgKVZ5PzdRtoZVebu/nnMaDld0PwMwoD.B7386OItBXPfC', '12996417938');
insert into PERSON (id, BirthDate, FIRSTNAME, LASTNAME, login, password, Pesel) values (113, '2003-02-07', 'Ive', 'Dudny', 'Ive Dudny', '$2a$12$Yv17VjvGgKVZ5PzdRtoZVebu/nnMaDld0PwMwoD.B7386OItBXPfC', '72600038979');
insert into PERSON (id, BirthDate, FIRSTNAME, LASTNAME, login, password, Pesel) values (114, '2003-03-24', 'Edwin', 'Worswick', 'Edwin Worswick', '$2a$12$Yv17VjvGgKVZ5PzdRtoZVebu/nnMaDld0PwMwoD.B7386OItBXPfC', '75975996771');
insert into PERSON (id, BirthDate, FIRSTNAME, LASTNAME, login, password, Pesel) values (115, '2005-01-06', 'Andie', 'McPharlain', 'Andie McPharlain', '$2a$12$Yv17VjvGgKVZ5PzdRtoZVebu/nnMaDld0PwMwoD.B7386OItBXPfC', '80464581541');
insert into PERSON (id, BirthDate, FIRSTNAME, LASTNAME, login, password, Pesel) values (116, '2001-03-23', 'Antonius', 'Finan', 'Antonius Finan', '$2a$12$Yv17VjvGgKVZ5PzdRtoZVebu/nnMaDld0PwMwoD.B7386OItBXPfC', '76262465352');
insert into PERSON (id, BirthDate, FIRSTNAME, LASTNAME, login, password, Pesel) values (117, '2000-05-26', 'Anitra', 'Posselwhite', 'Anitra Posselwhite', '$2a$12$Yv17VjvGgKVZ5PzdRtoZVebu/nnMaDld0PwMwoD.B7386OItBXPfC', '14367640772');
insert into PERSON (id, BirthDate, FIRSTNAME, LASTNAME, login, password, Pesel) values (118, '2004-03-02', 'Robina', 'Hanbridge', 'Robina Hanbridge', '$2a$12$Yv17VjvGgKVZ5PzdRtoZVebu/nnMaDld0PwMwoD.B7386OItBXPfC', '44158759510');
insert into PERSON (id, BirthDate, FIRSTNAME, LASTNAME, login, password, Pesel) values (119, '2000-09-01', 'Vivienne', 'Whilder', 'Vivienne Whilder', '$2a$12$Yv17VjvGgKVZ5PzdRtoZVebu/nnMaDld0PwMwoD.B7386OItBXPfC', '23516891122');
insert into PERSON (id, BirthDate, FIRSTNAME, LASTNAME, login, password, Pesel) values (120, '2000-10-13', 'Brena', 'Doelle', 'Brena Doelle', '$2a$12$Yv17VjvGgKVZ5PzdRtoZVebu/nnMaDld0PwMwoD.B7386OItBXPfC', '63952960533');
insert into PERSON (id, BirthDate, FIRSTNAME, LASTNAME, login, password, Pesel) values (121, '2003-01-04', 'Weider', 'Krysztowczyk', 'Weider Krysztowczyk', '$2a$12$Yv17VjvGgKVZ5PzdRtoZVebu/nnMaDld0PwMwoD.B7386OItBXPfC', '96824846757');
insert into PERSON (id, BirthDate, FIRSTNAME, LASTNAME, login, password, Pesel) values (122, '2005-03-07', 'Nolan', 'Dymond', 'Nolan Dymond', '$2a$12$Yv17VjvGgKVZ5PzdRtoZVebu/nnMaDld0PwMwoD.B7386OItBXPfC', '26601710974');
insert into PERSON (id, BirthDate, FIRSTNAME, LASTNAME, login, password, Pesel) values (123, '2004-07-20', 'Jennette', 'Goodsell', 'Jennette Goodsell', '$2a$12$Yv17VjvGgKVZ5PzdRtoZVebu/nnMaDld0PwMwoD.B7386OItBXPfC', '34674450454');
insert into PERSON (id, BirthDate, FIRSTNAME, LASTNAME, login, password, Pesel) values (124, '2003-10-08', 'Flory', 'Hundey', 'Flory Hundey', '$2a$12$Yv17VjvGgKVZ5PzdRtoZVebu/nnMaDld0PwMwoD.B7386OItBXPfC', '34994528412');
insert into PERSON (id, BirthDate, FIRSTNAME, LASTNAME, login, password, Pesel) values (125, '2001-05-03', 'Sileas', 'Hubber', 'Sileas Hubber', '$2a$12$Yv17VjvGgKVZ5PzdRtoZVebu/nnMaDld0PwMwoD.B7386OItBXPfC', '74606650127');
insert into PERSON (id, BirthDate, FIRSTNAME, LASTNAME, login, password, Pesel) values (126, '2004-10-25', 'Shelia', 'Dyott', 'Shelia Dyott', '$2a$12$Yv17VjvGgKVZ5PzdRtoZVebu/nnMaDld0PwMwoD.B7386OItBXPfC', '72483932056');
insert into PERSON (id, BirthDate, FIRSTNAME, LASTNAME, login, password, Pesel) values (127, '2002-07-18', 'Lew', 'Dasent', 'Lew Dasent', '$2a$12$Yv17VjvGgKVZ5PzdRtoZVebu/nnMaDld0PwMwoD.B7386OItBXPfC', '59445386631');
insert into PERSON (id, BirthDate, FIRSTNAME, LASTNAME, login, password, Pesel) values (128, '2000-11-15', 'Delia', 'Trevithick', 'Delia Trevithick', '$2a$12$Yv17VjvGgKVZ5PzdRtoZVebu/nnMaDld0PwMwoD.B7386OItBXPfC', '74826363721');
insert into PERSON (id, BirthDate, FIRSTNAME, LASTNAME, login, password, Pesel) values (129, '2002-05-10', 'Sylas', 'O''Harney', 'Sylas O''Harney', '$2a$12$Yv17VjvGgKVZ5PzdRtoZVebu/nnMaDld0PwMwoD.B7386OItBXPfC', '82154328650');
insert into PERSON (id, BirthDate, FIRSTNAME, LASTNAME, login, password, Pesel) values (130, '2001-06-23', 'Cherey', 'Pinckney', 'Cherey Pinckney', '$2a$12$Yv17VjvGgKVZ5PzdRtoZVebu/nnMaDld0PwMwoD.B7386OItBXPfC', '21211601432');
insert into PERSON (id, BirthDate, FIRSTNAME, LASTNAME, login, password, Pesel) values (131, '2004-07-23', 'Cynthy', 'Cassidy', 'Cynthy Cassidy', '$2a$12$Yv17VjvGgKVZ5PzdRtoZVebu/nnMaDld0PwMwoD.B7386OItBXPfC', '61729081111');
insert into PERSON (id, BirthDate, FIRSTNAME, LASTNAME, login, password, Pesel) values (132, '2002-09-03', 'Rockwell', 'Murcott', 'Rockwell Murcott', '$2a$12$Yv17VjvGgKVZ5PzdRtoZVebu/nnMaDld0PwMwoD.B7386OItBXPfC', '43918575373');
insert into PERSON (id, BirthDate, FIRSTNAME, LASTNAME, login, password, Pesel) values (133, '2002-10-22', 'Evelyn', 'McGhee', 'Evelyn McGhee', '$2a$12$Yv17VjvGgKVZ5PzdRtoZVebu/nnMaDld0PwMwoD.B7386OItBXPfC', '21499608006');
insert into PERSON (id, BirthDate, FIRSTNAME, LASTNAME, login, password, Pesel) values (134, '2001-10-04', 'Briny', 'Spens', 'Briny Spens', '$2a$12$Yv17VjvGgKVZ5PzdRtoZVebu/nnMaDld0PwMwoD.B7386OItBXPfC', '83947156743');
insert into PERSON (id, BirthDate, FIRSTNAME, LASTNAME, login, password, Pesel) values (135, '2002-08-06', 'Kristan', 'Leeuwerink', 'Kristan Leeuwerink', '$2a$12$Yv17VjvGgKVZ5PzdRtoZVebu/nnMaDld0PwMwoD.B7386OItBXPfC', '25548302518');
insert into PERSON (id, BirthDate, FIRSTNAME, LASTNAME, login, password, Pesel) values (136, '2004-07-24', 'Eddy', 'Moynihan', 'Eddy Moynihan', '$2a$12$Yv17VjvGgKVZ5PzdRtoZVebu/nnMaDld0PwMwoD.B7386OItBXPfC', '69411353458');
insert into PERSON (id, BirthDate, FIRSTNAME, LASTNAME, login, password, Pesel) values (137, '2005-02-19', 'Jard', 'Galiero', 'Jard Galiero', '$2a$12$Yv17VjvGgKVZ5PzdRtoZVebu/nnMaDld0PwMwoD.B7386OItBXPfC', '62243854797');
insert into PERSON (id, BirthDate, FIRSTNAME, LASTNAME, login, password, Pesel) values (138, '2004-11-17', 'Grayce', 'Goodbody', 'Grayce Goodbody', '$2a$12$Yv17VjvGgKVZ5PzdRtoZVebu/nnMaDld0PwMwoD.B7386OItBXPfC', '55741619869');
insert into PERSON (id, BirthDate, FIRSTNAME, LASTNAME, login, password, Pesel) values (139, '2005-03-17', 'Allyn', 'Baistow', 'Allyn Baistow', '$2a$12$Yv17VjvGgKVZ5PzdRtoZVebu/nnMaDld0PwMwoD.B7386OItBXPfC', '86022759883');
insert into PERSON (id, BirthDate, FIRSTNAME, LASTNAME, login, password, Pesel) values (140, '2001-09-16', 'Baily', 'Merriton', 'Baily Merriton', '$2a$12$Yv17VjvGgKVZ5PzdRtoZVebu/nnMaDld0PwMwoD.B7386OItBXPfC', '29725132481');
insert into PERSON (id, BirthDate, FIRSTNAME, LASTNAME, login, password, Pesel) values (141, '2003-07-15', 'Ashton', 'Fairlem', 'Ashton Fairlem', '$2a$12$Yv17VjvGgKVZ5PzdRtoZVebu/nnMaDld0PwMwoD.B7386OItBXPfC', '77758515194');
insert into PERSON (id, BirthDate, FIRSTNAME, LASTNAME, login, password, Pesel) values (142, '2003-11-23', 'Luelle', 'Brennon', 'Luelle Brennon', '$2a$12$Yv17VjvGgKVZ5PzdRtoZVebu/nnMaDld0PwMwoD.B7386OItBXPfC', '95183098042');
insert into PERSON (id, BirthDate, FIRSTNAME, LASTNAME, login, password, Pesel) values (143, '2003-02-21', 'Finlay', 'Llywarch', 'Finlay Llywarch', '$2a$12$Yv17VjvGgKVZ5PzdRtoZVebu/nnMaDld0PwMwoD.B7386OItBXPfC', '70883469500');
insert into PERSON (id, BirthDate, FIRSTNAME, LASTNAME, login, password, Pesel) values (144, '2001-10-13', 'Skyler', 'Rosewell', 'Skyler Rosewell', '$2a$12$Yv17VjvGgKVZ5PzdRtoZVebu/nnMaDld0PwMwoD.B7386OItBXPfC', '40328153650');
insert into PERSON (id, BirthDate, FIRSTNAME, LASTNAME, login, password, Pesel) values (145, '2004-01-24', 'Silvain', 'Jozwicki', 'Silvain Jozwicki', '$2a$12$Yv17VjvGgKVZ5PzdRtoZVebu/nnMaDld0PwMwoD.B7386OItBXPfC', '69546540300');
insert into PERSON (id, BirthDate, FIRSTNAME, LASTNAME, login, password, Pesel) values (146, '2001-07-07', 'Tracee', 'Plane', 'Tracee Plane', '$2a$12$Yv17VjvGgKVZ5PzdRtoZVebu/nnMaDld0PwMwoD.B7386OItBXPfC', '98835533822');
insert into PERSON (id, BirthDate, FIRSTNAME, LASTNAME, login, password, Pesel) values (147, '2003-08-24', 'Wilbur', 'McIlhagga', 'Wilbur McIlhagga', '$2a$12$Yv17VjvGgKVZ5PzdRtoZVebu/nnMaDld0PwMwoD.B7386OItBXPfC', '47341204788');
insert into PERSON (id, BirthDate, FIRSTNAME, LASTNAME, login, password, Pesel) values (148, '2002-08-04', 'Harmon', 'Durrell', 'Harmon Durrell', '$2a$12$Yv17VjvGgKVZ5PzdRtoZVebu/nnMaDld0PwMwoD.B7386OItBXPfC', '77862820526');
insert into PERSON (id, BirthDate, FIRSTNAME, LASTNAME, login, password, Pesel) values (149, '2000-08-16', 'Dulcea', 'Westerman', 'Dulcea Westerman', '$2a$12$Yv17VjvGgKVZ5PzdRtoZVebu/nnMaDld0PwMwoD.B7386OItBXPfC', '27512045154');
insert into PERSON (id, BirthDate, FIRSTNAME, LASTNAME, login, password, Pesel) values (150, '2004-05-05', 'Antonius', 'Makey', 'Antonius Makey', '$2a$12$Yv17VjvGgKVZ5PzdRtoZVebu/nnMaDld0PwMwoD.B7386OItBXPfC', '19661611187');
insert into PERSON (id, BirthDate, FIRSTNAME, LASTNAME, login, password, Pesel) values (151, '2005-03-17', 'Cathie', 'Jiggins', 'Cathie Jiggins', '$2a$12$Yv17VjvGgKVZ5PzdRtoZVebu/nnMaDld0PwMwoD.B7386OItBXPfC', '45252978606');
insert into PERSON (id, BirthDate, FIRSTNAME, LASTNAME, login, password, Pesel) values (152, '2002-08-30', 'Donalt', 'Ellum', 'Donalt Ellum', '$2a$12$Yv17VjvGgKVZ5PzdRtoZVebu/nnMaDld0PwMwoD.B7386OItBXPfC', '79595554993');
insert into PERSON (id, BirthDate, FIRSTNAME, LASTNAME, login, password, Pesel) values (153, '2002-05-06', 'Erwin', 'Petofi', 'Erwin Petofi', '$2a$12$Yv17VjvGgKVZ5PzdRtoZVebu/nnMaDld0PwMwoD.B7386OItBXPfC', '91281762323');
insert into PERSON (id, BirthDate, FIRSTNAME, LASTNAME, login, password, Pesel) values (154, '2002-12-19', 'Callida', 'Bausor', 'Callida Bausor', '$2a$12$Yv17VjvGgKVZ5PzdRtoZVebu/nnMaDld0PwMwoD.B7386OItBXPfC', '69132929066');
insert into PERSON (id, BirthDate, FIRSTNAME, LASTNAME, login, password, Pesel) values (155, '2002-09-06', 'Babbie', 'Gerin', 'Babbie Gerin', '$2a$12$Yv17VjvGgKVZ5PzdRtoZVebu/nnMaDld0PwMwoD.B7386OItBXPfC', '83316135121');
insert into PERSON (id, BirthDate, FIRSTNAME, LASTNAME, login, password, Pesel) values (156, '2001-04-26', 'Saunders', 'Runnett', 'Saunders Runnett', '$2a$12$Yv17VjvGgKVZ5PzdRtoZVebu/nnMaDld0PwMwoD.B7386OItBXPfC', '58580365184');
insert into PERSON (id, BirthDate, FIRSTNAME, LASTNAME, login, password, Pesel) values (157, '2003-03-09', 'Antonino', 'Sheed', 'Antonino Sheed', '$2a$12$Yv17VjvGgKVZ5PzdRtoZVebu/nnMaDld0PwMwoD.B7386OItBXPfC', '95767719119');
insert into PERSON (id, BirthDate, FIRSTNAME, LASTNAME, login, password, Pesel) values (158, '2001-01-27', 'Raina', 'Scutter', 'Raina Scutter', '$2a$12$Yv17VjvGgKVZ5PzdRtoZVebu/nnMaDld0PwMwoD.B7386OItBXPfC', '90078437072');
insert into PERSON (id, BirthDate, FIRSTNAME, LASTNAME, login, password, Pesel) values (159, '2001-03-04', 'Marylou', 'Blackaby', 'Marylou Blackaby', '$2a$12$Yv17VjvGgKVZ5PzdRtoZVebu/nnMaDld0PwMwoD.B7386OItBXPfC', '58557899409');
insert into PERSON (id, BirthDate, FIRSTNAME, LASTNAME, login, password, Pesel) values (160, '2004-01-12', 'Leesa', 'Friatt', 'Leesa Friatt', '$2a$12$Yv17VjvGgKVZ5PzdRtoZVebu/nnMaDld0PwMwoD.B7386OItBXPfC', '27796122601');
insert into PERSON (id, BirthDate, FIRSTNAME, LASTNAME, login, password, Pesel) values (161, '2001-03-12', 'Wilma', 'Avramovic', 'Wilma Avramovic', '$2a$12$Yv17VjvGgKVZ5PzdRtoZVebu/nnMaDld0PwMwoD.B7386OItBXPfC', '92411334673');
insert into PERSON (id, BirthDate, FIRSTNAME, LASTNAME, login, password, Pesel) values (162, '2003-02-02', 'Bari', 'Hebron', 'Bari Hebron', '$2a$12$Yv17VjvGgKVZ5PzdRtoZVebu/nnMaDld0PwMwoD.B7386OItBXPfC', '23593762565');
insert into PERSON (id, BirthDate, FIRSTNAME, LASTNAME, login, password, Pesel) values (163, '2000-06-16', 'Fancie', 'Pizey', 'Fancie Pizey', '$2a$12$Yv17VjvGgKVZ5PzdRtoZVebu/nnMaDld0PwMwoD.B7386OItBXPfC', '77379389909');
insert into PERSON (id, BirthDate, FIRSTNAME, LASTNAME, login, password, Pesel) values (164, '2002-07-28', 'Ronny', 'Stockin', 'Ronny Stockin', '$2a$12$Yv17VjvGgKVZ5PzdRtoZVebu/nnMaDld0PwMwoD.B7386OItBXPfC', '51806530383');
insert into PERSON (id, BirthDate, FIRSTNAME, LASTNAME, login, password, Pesel) values (165, '2000-06-02', 'Rivkah', 'Deegin', 'Rivkah Deegin', '$2a$12$Yv17VjvGgKVZ5PzdRtoZVebu/nnMaDld0PwMwoD.B7386OItBXPfC', '19181244873');
insert into PERSON (id, BirthDate, FIRSTNAME, LASTNAME, login, password, Pesel) values (166, '2001-11-30', 'Georgetta', 'Brehat', 'Georgetta Brehat', '$2a$12$Yv17VjvGgKVZ5PzdRtoZVebu/nnMaDld0PwMwoD.B7386OItBXPfC', '46028957945');
insert into PERSON (id, BirthDate, FIRSTNAME, LASTNAME, login, password, Pesel) values (167, '2003-01-31', 'Lyn', 'Eatock', 'Lyn Eatock', '$2a$12$Yv17VjvGgKVZ5PzdRtoZVebu/nnMaDld0PwMwoD.B7386OItBXPfC', '14593193879');
insert into PERSON (id, BirthDate, FIRSTNAME, LASTNAME, login, password, Pesel) values (168, '2001-07-19', 'Deerdre', 'Glandon', 'Deerdre Glandon', '$2a$12$Yv17VjvGgKVZ5PzdRtoZVebu/nnMaDld0PwMwoD.B7386OItBXPfC', '54337147178');
insert into PERSON (id, BirthDate, FIRSTNAME, LASTNAME, login, password, Pesel) values (169, '2001-12-17', 'Valery', 'Jagels', 'Valery Jagels', '$2a$12$Yv17VjvGgKVZ5PzdRtoZVebu/nnMaDld0PwMwoD.B7386OItBXPfC', '91046781123');
insert into PERSON (id, BirthDate, FIRSTNAME, LASTNAME, login, password, Pesel) values (170, '2001-06-24', 'Edythe', 'Parton', 'Edythe Parton', '$2a$12$Yv17VjvGgKVZ5PzdRtoZVebu/nnMaDld0PwMwoD.B7386OItBXPfC', '85474268227');
insert into PERSON (id, BirthDate, FIRSTNAME, LASTNAME, login, password, Pesel) values (171, '2003-03-20', 'Mallory', 'Waszczyk', 'Mallory Waszczyk', '$2a$12$Yv17VjvGgKVZ5PzdRtoZVebu/nnMaDld0PwMwoD.B7386OItBXPfC', '64955408389');
insert into PERSON (id, BirthDate, FIRSTNAME, LASTNAME, login, password, Pesel) values (172, '2001-11-06', 'Samaria', 'Eastment', 'Samaria Eastment', '$2a$12$Yv17VjvGgKVZ5PzdRtoZVebu/nnMaDld0PwMwoD.B7386OItBXPfC', '64379948981');
insert into PERSON (id, BirthDate, FIRSTNAME, LASTNAME, login, password, Pesel) values (173, '2004-05-19', 'Diana', 'Chillingsworth', 'Diana Chillingsworth', '$2a$12$Yv17VjvGgKVZ5PzdRtoZVebu/nnMaDld0PwMwoD.B7386OItBXPfC', '37847088890');
insert into PERSON (id, BirthDate, FIRSTNAME, LASTNAME, login, password, Pesel) values (174, '2004-08-17', 'Emlyn', 'Dast', 'Emlyn Dast', '$2a$12$Yv17VjvGgKVZ5PzdRtoZVebu/nnMaDld0PwMwoD.B7386OItBXPfC', '89066591151');
insert into PERSON (id, BirthDate, FIRSTNAME, LASTNAME, login, password, Pesel) values (175, '2002-02-01', 'Abbye', 'Marginson', 'Abbye Marginson', '$2a$12$Yv17VjvGgKVZ5PzdRtoZVebu/nnMaDld0PwMwoD.B7386OItBXPfC', '87559914076');
insert into PERSON (id, BirthDate, FIRSTNAME, LASTNAME, login, password, Pesel) values (176, '2003-12-13', 'Devlen', 'McGettigan', 'Devlen McGettigan', '$2a$12$Yv17VjvGgKVZ5PzdRtoZVebu/nnMaDld0PwMwoD.B7386OItBXPfC', '81879618274');
insert into PERSON (id, BirthDate, FIRSTNAME, LASTNAME, login, password, Pesel) values (177, '2002-08-09', 'Nels', 'Chaudrelle', 'Nels Chaudrelle', '$2a$12$Yv17VjvGgKVZ5PzdRtoZVebu/nnMaDld0PwMwoD.B7386OItBXPfC', '62446056756');
insert into PERSON (id, BirthDate, FIRSTNAME, LASTNAME, login, password, Pesel) values (178, '2001-06-23', 'Wright', 'Bausor', 'Wright Bausor', '$2a$12$Yv17VjvGgKVZ5PzdRtoZVebu/nnMaDld0PwMwoD.B7386OItBXPfC', '48833448093');
insert into PERSON (id, BirthDate, FIRSTNAME, LASTNAME, login, password, Pesel) values (179, '2000-06-02', 'Nadia', 'Coltan', 'Nadia Coltan', '$2a$12$Yv17VjvGgKVZ5PzdRtoZVebu/nnMaDld0PwMwoD.B7386OItBXPfC', '77598766870');
insert into PERSON (id, BirthDate, FIRSTNAME, LASTNAME, login, password, Pesel) values (180, '2002-02-18', 'Revkah', 'Chesshyre', 'Revkah Chesshyre', '$2a$12$Yv17VjvGgKVZ5PzdRtoZVebu/nnMaDld0PwMwoD.B7386OItBXPfC', '29237797646');
insert into SCHOOLCLASS (id, classyear, department, numberofstudents) values (1, 7, 'c', 15);
insert into SCHOOLCLASS (id, classyear, department, numberofstudents) values (2, 1, 'c', 15);
insert into SCHOOLCLASS (id, classyear, department, numberofstudents) values (3, 1, 'b', 15);
insert into SCHOOLCLASS (id, classyear, department, numberofstudents) values (4, 1, 'a', 15);
insert into SCHOOLCLASS (id, classyear, department, numberofstudents) values (5, 3, 'b', 15);
insert into SCHOOLCLASS (id, classyear, department, numberofstudents) values (6, 2, 'd', 15);
insert into SCHOOLCLASS (id, classyear, department, numberofstudents) values (7, 1, 'd', 15);
insert into SCHOOLCLASS (id, classyear, department, numberofstudents) values (8, 3, 'a', 15);
insert into SCHOOLCLASS (id, classyear, department, numberofstudents) values (9, 7, 'a', 15);
insert into SCHOOLCLASS (id, classyear, department, numberofstudents) values (10, 4, 'c', 15);
insert into STUDENT (id, MYCLASS_ID) values (31, 10);
insert into STUDENT (id, MYCLASS_ID) values (32, 10);
insert into STUDENT (id, MYCLASS_ID) values (33, 10);
insert into STUDENT (id, MYCLASS_ID) values (34, 10);
insert into STUDENT (id, MYCLASS_ID) values (35, 10);
insert into STUDENT (id, MYCLASS_ID) values (36, 10);
insert into STUDENT (id, MYCLASS_ID) values (37, 10);
insert into STUDENT (id, MYCLASS_ID) values (38, 10);
insert into STUDENT (id, MYCLASS_ID) values (39, 10);
insert into STUDENT (id, MYCLASS_ID) values (40, 10);
insert into STUDENT (id, MYCLASS_ID) values (41, 10);
insert into STUDENT (id, MYCLASS_ID) values (42, 10);
insert into STUDENT (id, MYCLASS_ID) values (43, 10);
insert into STUDENT (id, MYCLASS_ID) values (44, 10);
insert into STUDENT (id, MYCLASS_ID) values (45, 10);
insert into STUDENT (id, MYCLASS_ID) values (46, 1);
insert into STUDENT (id, MYCLASS_ID) values (47, 1);
insert into STUDENT (id, MYCLASS_ID) values (48, 1);
insert into STUDENT (id, MYCLASS_ID) values (49, 1);
insert into STUDENT (id, MYCLASS_ID) values (50, 1);
insert into STUDENT (id, MYCLASS_ID) values (51, 1);
insert into STUDENT (id, MYCLASS_ID) values (52, 1);
insert into STUDENT (id, MYCLASS_ID) values (53, 1);
insert into STUDENT (id, MYCLASS_ID) values (54, 1);
insert into STUDENT (id, MYCLASS_ID) values (55, 1);
insert into STUDENT (id, MYCLASS_ID) values (56, 1);
insert into STUDENT (id, MYCLASS_ID) values (57, 1);
insert into STUDENT (id, MYCLASS_ID) values (58, 1);
insert into STUDENT (id, MYCLASS_ID) values (59, 1);
insert into STUDENT (id, MYCLASS_ID) values (60, 1);
insert into STUDENT (id, MYCLASS_ID) values (61, 2);
insert into STUDENT (id, MYCLASS_ID) values (62, 2);
insert into STUDENT (id, MYCLASS_ID) values (63, 2);
insert into STUDENT (id, MYCLASS_ID) values (64, 2);
insert into STUDENT (id, MYCLASS_ID) values (65, 2);
insert into STUDENT (id, MYCLASS_ID) values (66, 2);
insert into STUDENT (id, MYCLASS_ID) values (67, 2);
insert into STUDENT (id, MYCLASS_ID) values (68, 2);
insert into STUDENT (id, MYCLASS_ID) values (69, 2);
insert into STUDENT (id, MYCLASS_ID) values (70, 2);
insert into STUDENT (id, MYCLASS_ID) values (71, 2);
insert into STUDENT (id, MYCLASS_ID) values (72, 2);
insert into STUDENT (id, MYCLASS_ID) values (73, 2);
insert into STUDENT (id, MYCLASS_ID) values (74, 2);
insert into STUDENT (id, MYCLASS_ID) values (75, 2);
insert into STUDENT (id, MYCLASS_ID) values (76, 3);
insert into STUDENT (id, MYCLASS_ID) values (77, 3);
insert into STUDENT (id, MYCLASS_ID) values (78, 3);
insert into STUDENT (id, MYCLASS_ID) values (79, 3);
insert into STUDENT (id, MYCLASS_ID) values (80, 3);
insert into STUDENT (id, MYCLASS_ID) values (81, 3);
insert into STUDENT (id, MYCLASS_ID) values (82, 3);
insert into STUDENT (id, MYCLASS_ID) values (83, 3);
insert into STUDENT (id, MYCLASS_ID) values (84, 3);
insert into STUDENT (id, MYCLASS_ID) values (85, 3);
insert into STUDENT (id, MYCLASS_ID) values (86, 3);
insert into STUDENT (id, MYCLASS_ID) values (87, 3);
insert into STUDENT (id, MYCLASS_ID) values (88, 3);
insert into STUDENT (id, MYCLASS_ID) values (89, 3);
insert into STUDENT (id, MYCLASS_ID) values (90, 3);
insert into STUDENT (id, MYCLASS_ID) values (91, 4);
insert into STUDENT (id, MYCLASS_ID) values (92, 4);
insert into STUDENT (id, MYCLASS_ID) values (93, 4);
insert into STUDENT (id, MYCLASS_ID) values (94, 4);
insert into STUDENT (id, MYCLASS_ID) values (95, 4);
insert into STUDENT (id, MYCLASS_ID) values (96, 4);
insert into STUDENT (id, MYCLASS_ID) values (97, 4);
insert into STUDENT (id, MYCLASS_ID) values (98, 4);
insert into STUDENT (id, MYCLASS_ID) values (99, 4);
insert into STUDENT (id, MYCLASS_ID) values (100, 4);
insert into STUDENT (id, MYCLASS_ID) values (101, 4);
insert into STUDENT (id, MYCLASS_ID) values (102, 4);
insert into STUDENT (id, MYCLASS_ID) values (103, 4);
insert into STUDENT (id, MYCLASS_ID) values (104, 4);
insert into STUDENT (id, MYCLASS_ID) values (105, 4);
insert into STUDENT (id, MYCLASS_ID) values (106, 5);
insert into STUDENT (id, MYCLASS_ID) values (107, 5);
insert into STUDENT (id, MYCLASS_ID) values (108, 5);
insert into STUDENT (id, MYCLASS_ID) values (109, 5);
insert into STUDENT (id, MYCLASS_ID) values (110, 5);
insert into STUDENT (id, MYCLASS_ID) values (111, 5);
insert into STUDENT (id, MYCLASS_ID) values (112, 5);
insert into STUDENT (id, MYCLASS_ID) values (113, 5);
insert into STUDENT (id, MYCLASS_ID) values (114, 5);
insert into STUDENT (id, MYCLASS_ID) values (115, 5);
insert into STUDENT (id, MYCLASS_ID) values (116, 5);
insert into STUDENT (id, MYCLASS_ID) values (117, 5);
insert into STUDENT (id, MYCLASS_ID) values (118, 5);
insert into STUDENT (id, MYCLASS_ID) values (119, 5);
insert into STUDENT (id, MYCLASS_ID) values (120, 5);
insert into STUDENT (id, MYCLASS_ID) values (121, 6);
insert into STUDENT (id, MYCLASS_ID) values (122, 6);
insert into STUDENT (id, MYCLASS_ID) values (123, 6);
insert into STUDENT (id, MYCLASS_ID) values (124, 6);
insert into STUDENT (id, MYCLASS_ID) values (125, 6);
insert into STUDENT (id, MYCLASS_ID) values (126, 6);
insert into STUDENT (id, MYCLASS_ID) values (127, 6);
insert into STUDENT (id, MYCLASS_ID) values (128, 6);
insert into STUDENT (id, MYCLASS_ID) values (129, 6);
insert into STUDENT (id, MYCLASS_ID) values (130, 6);
insert into STUDENT (id, MYCLASS_ID) values (131, 6);
insert into STUDENT (id, MYCLASS_ID) values (132, 6);
insert into STUDENT (id, MYCLASS_ID) values (133, 6);
insert into STUDENT (id, MYCLASS_ID) values (134, 6);
insert into STUDENT (id, MYCLASS_ID) values (135, 6);
insert into STUDENT (id, MYCLASS_ID) values (136, 7);
insert into STUDENT (id, MYCLASS_ID) values (137, 7);
insert into STUDENT (id, MYCLASS_ID) values (138, 7);
insert into STUDENT (id, MYCLASS_ID) values (139, 7);
insert into STUDENT (id, MYCLASS_ID) values (140, 7);
insert into STUDENT (id, MYCLASS_ID) values (141, 7);
insert into STUDENT (id, MYCLASS_ID) values (142, 7);
insert into STUDENT (id, MYCLASS_ID) values (143, 7);
insert into STUDENT (id, MYCLASS_ID) values (144, 7);
insert into STUDENT (id, MYCLASS_ID) values (145, 7);
insert into STUDENT (id, MYCLASS_ID) values (146, 7);
insert into STUDENT (id, MYCLASS_ID) values (147, 7);
insert into STUDENT (id, MYCLASS_ID) values (148, 7);
insert into STUDENT (id, MYCLASS_ID) values (149, 7);
insert into STUDENT (id, MYCLASS_ID) values (150, 7);
insert into STUDENT (id, MYCLASS_ID) values (151, 8);
insert into STUDENT (id, MYCLASS_ID) values (152, 8);
insert into STUDENT (id, MYCLASS_ID) values (153, 8);
insert into STUDENT (id, MYCLASS_ID) values (154, 8);
insert into STUDENT (id, MYCLASS_ID) values (155, 8);
insert into STUDENT (id, MYCLASS_ID) values (156, 8);
insert into STUDENT (id, MYCLASS_ID) values (157, 8);
insert into STUDENT (id, MYCLASS_ID) values (158, 8);
insert into STUDENT (id, MYCLASS_ID) values (159, 8);
insert into STUDENT (id, MYCLASS_ID) values (160, 8);
insert into STUDENT (id, MYCLASS_ID) values (161, 8);
insert into STUDENT (id, MYCLASS_ID) values (162, 8);
insert into STUDENT (id, MYCLASS_ID) values (163, 8);
insert into STUDENT (id, MYCLASS_ID) values (164, 8);
insert into STUDENT (id, MYCLASS_ID) values (165, 8);
insert into STUDENT (id, MYCLASS_ID) values (166, 9);
insert into STUDENT (id, MYCLASS_ID) values (167, 9);
insert into STUDENT (id, MYCLASS_ID) values (168, 9);
insert into STUDENT (id, MYCLASS_ID) values (169, 9);
insert into STUDENT (id, MYCLASS_ID) values (170, 9);
insert into STUDENT (id, MYCLASS_ID) values (171, 9);
insert into STUDENT (id, MYCLASS_ID) values (172, 9);
insert into STUDENT (id, MYCLASS_ID) values (173, 9);
insert into STUDENT (id, MYCLASS_ID) values (174, 9);
insert into STUDENT (id, MYCLASS_ID) values (175, 9);
insert into STUDENT (id, MYCLASS_ID) values (176, 9);
insert into STUDENT (id, MYCLASS_ID) values (177, 9);
insert into STUDENT (id, MYCLASS_ID) values (178, 9);
insert into STUDENT (id, MYCLASS_ID) values (179, 9);
insert into STUDENT (id, MYCLASS_ID) values (180, 9);
insert into TEACHER (id, MYCLASS_ID, title) values (1, 1, 'Mr');
insert into TEACHER (id, MYCLASS_ID, title) values (2, 2, 'Honorable');
insert into TEACHER (id, MYCLASS_ID, title) values (3, 3, 'Ms');
insert into TEACHER (id, MYCLASS_ID, title) values (4, 4, 'Rev');
insert into TEACHER (id, MYCLASS_ID, title) values (5, 5, 'Mr');
insert into TEACHER (id, MYCLASS_ID, title) values (6, 6, 'Dr');
insert into TEACHER (id, MYCLASS_ID, title) values (7, 7, 'Rev');
insert into TEACHER (id, MYCLASS_ID, title) values (8, 8, 'Mr');
insert into TEACHER (id, MYCLASS_ID, title) values (9, 9, 'Dr');
insert into TEACHER (id, MYCLASS_ID, title) values (10, 10, 'Mrs');
insert into TEACHER (id, MYCLASS_ID, title) values (11, null, 'Mr');
insert into TEACHER (id, MYCLASS_ID, title) values (12, null, 'Mrs');
insert into TEACHER (id, MYCLASS_ID, title) values (13, null, 'Mr');
insert into TEACHER (id, MYCLASS_ID, title) values (14, null, 'Mr');
insert into TEACHER (id, MYCLASS_ID, title) values (15, null, 'Dr');
insert into TEACHER (id, MYCLASS_ID, title) values (16, null, 'Rev');
insert into TEACHER (id, MYCLASS_ID, title) values (17, null, 'Honorable');
insert into TEACHER (id, MYCLASS_ID, title) values (18, null, 'Mr');
insert into TEACHER (id, MYCLASS_ID, title) values (19, null, 'Rev');
insert into TEACHER (id, MYCLASS_ID, title) values (20, null, 'Ms');
insert into TEACHER (id, MYCLASS_ID, title) values (21, null, 'Mrs');
insert into TEACHER (id, MYCLASS_ID, title) values (22, null, 'Mrs');
insert into TEACHER (id, MYCLASS_ID, title) values (23, null, 'Dr');
insert into TEACHER (id, MYCLASS_ID, title) values (24, null, 'Ms');
insert into TEACHER (id, MYCLASS_ID, title) values (25, null, 'Mrs');
insert into TEACHER (id, MYCLASS_ID, title) values (26, null, 'Mr');
insert into TEACHER (id, MYCLASS_ID, title) values (27, null, 'Ms');
insert into TEACHER (id, MYCLASS_ID, title) values (28, null, 'Mrs');
insert into TEACHER (id, MYCLASS_ID, title) values (29, null, 'Honorable');
insert into TEACHER (id, MYCLASS_ID, title) values (30, null, 'Rev');
insert into SUBJECT (id, name) values (1,  'Math');
insert into SUBJECT (id, name) values (2,  'Physics');
insert into SUBJECT (id, name) values (3,  'Chemistry');
insert into SUBJECT (id, name) values (4,  'Biology');
insert into SUBJECT (id, name) values (5,  'PE');
insert into SUBJECT (id, name) values (6,  'English');
insert into SUBJECT (id, name) values (7,  'Polish');
insert into SUBJECT (id, name) values (8,  'Spanish');
insert into SUBJECT (id, name) values (9,  'Computer Science');
insert into SUBJECT (id, name) values (10, 'Music');
insert into SUBJECT (id, name) values (11, 'History');
insert into SUBJECT (id, name) values (12, 'Geography');
insert into SUBJECT (id, name) values (13, 'German');
insert into SUBJECT (id, name) values (14, 'Plasticity');
insert into SUBJECT (id, name) values (15, 'Technique');
insert into GRADE (id, mark, student_id, subject_id, teacher_id) values (1, 4, 153, 10, 8);
insert into GRADE (id, mark, student_id, subject_id, teacher_id) values (2, 3, 174, 2, 22);
insert into GRADE (id, mark, student_id, subject_id, teacher_id) values (3, 3, 169, 4, 8);
insert into GRADE (id, mark, student_id, subject_id, teacher_id) values (4, 2, 81, 14, 12);
insert into GRADE (id, mark, student_id, subject_id, teacher_id) values (5, 3, 97, 15, 13);
insert into GRADE (id, mark, student_id, subject_id, teacher_id) values (6, 1, 105, 6, 22);
insert into GRADE (id, mark, student_id, subject_id, teacher_id) values (7, 5, 175, 8, 18);
insert into GRADE (id, mark, student_id, subject_id, teacher_id) values (8, 2, 148, 14, 19);
insert into GRADE (id, mark, student_id, subject_id, teacher_id) values (9, 2, 88, 15, 28);
insert into GRADE (id, mark, student_id, subject_id, teacher_id) values (10, 1, 52, 9, 7);
insert into GRADE (id, mark, student_id, subject_id, teacher_id) values (11, 5, 159, 15, 15);
insert into GRADE (id, mark, student_id, subject_id, teacher_id) values (12, 4, 112, 7, 14);
insert into GRADE (id, mark, student_id, subject_id, teacher_id) values (13, 1, 148, 4, 28);
insert into GRADE (id, mark, student_id, subject_id, teacher_id) values (14, 6, 31, 6, 10);
insert into GRADE (id, mark, student_id, subject_id, teacher_id) values (15, 2, 39, 9, 28);
insert into GRADE (id, mark, student_id, subject_id, teacher_id) values (16, 4, 174, 13, 7);
insert into GRADE (id, mark, student_id, subject_id, teacher_id) values (17, 3, 40, 1, 8);
insert into GRADE (id, mark, student_id, subject_id, teacher_id) values (18, 5, 108, 9, 7);
insert into GRADE (id, mark, student_id, subject_id, teacher_id) values (19, 1, 110, 5, 24);
insert into GRADE (id, mark, student_id, subject_id, teacher_id) values (20, 3, 60, 9, 15);
insert into GRADE (id, mark, student_id, subject_id, teacher_id) values (21, 6, 54, 6, 9);
insert into GRADE (id, mark, student_id, subject_id, teacher_id) values (22, 6, 174, 5, 17);
insert into GRADE (id, mark, student_id, subject_id, teacher_id) values (23, 6, 146, 2, 2);
insert into GRADE (id, mark, student_id, subject_id, teacher_id) values (24, 3, 169, 1, 4);
insert into GRADE (id, mark, student_id, subject_id, teacher_id) values (25, 1, 135, 14, 20);
insert into GRADE (id, mark, student_id, subject_id, teacher_id) values (26, 4, 53, 6, 12);
insert into GRADE (id, mark, student_id, subject_id, teacher_id) values (27, 6, 172, 5, 18);
insert into GRADE (id, mark, student_id, subject_id, teacher_id) values (28, 4, 162, 2, 8);
insert into GRADE (id, mark, student_id, subject_id, teacher_id) values (29, 5, 155, 3, 24);
insert into GRADE (id, mark, student_id, subject_id, teacher_id) values (30, 4, 160, 8, 16);
insert into GRADE (id, mark, student_id, subject_id, teacher_id) values (31, 1, 74, 15, 3);
insert into GRADE (id, mark, student_id, subject_id, teacher_id) values (32, 1, 180, 11, 2);
insert into GRADE (id, mark, student_id, subject_id, teacher_id) values (33, 5, 107, 14, 7);
insert into GRADE (id, mark, student_id, subject_id, teacher_id) values (34, 3, 88, 5, 10);
insert into GRADE (id, mark, student_id, subject_id, teacher_id) values (35, 1, 126, 9, 18);
insert into GRADE (id, mark, student_id, subject_id, teacher_id) values (36, 1, 54, 9, 2);
insert into GRADE (id, mark, student_id, subject_id, teacher_id) values (37, 1, 67, 4, 9);
insert into GRADE (id, mark, student_id, subject_id, teacher_id) values (38, 4, 57, 9, 5);
insert into GRADE (id, mark, student_id, subject_id, teacher_id) values (39, 1, 156, 10, 8);
insert into GRADE (id, mark, student_id, subject_id, teacher_id) values (40, 1, 107, 9, 16);
insert into GRADE (id, mark, student_id, subject_id, teacher_id) values (41, 1, 145, 15, 25);
insert into GRADE (id, mark, student_id, subject_id, teacher_id) values (42, 2, 83, 12, 27);
insert into GRADE (id, mark, student_id, subject_id, teacher_id) values (43, 4, 32, 1, 29);
insert into GRADE (id, mark, student_id, subject_id, teacher_id) values (44, 4, 74, 8, 4);
insert into GRADE (id, mark, student_id, subject_id, teacher_id) values (45, 6, 159, 14, 12);
insert into GRADE (id, mark, student_id, subject_id, teacher_id) values (46, 1, 172, 13, 20);
insert into GRADE (id, mark, student_id, subject_id, teacher_id) values (47, 5, 109, 15, 16);
insert into GRADE (id, mark, student_id, subject_id, teacher_id) values (48, 4, 112, 5, 2);
insert into GRADE (id, mark, student_id, subject_id, teacher_id) values (49, 5, 45, 2, 7);
insert into GRADE (id, mark, student_id, subject_id, teacher_id) values (50, 2, 44, 4, 30);
insert into GRADE (id, mark, student_id, subject_id, teacher_id) values (51, 6, 178, 7, 15);
insert into GRADE (id, mark, student_id, subject_id, teacher_id) values (52, 1, 63, 4, 17);
insert into GRADE (id, mark, student_id, subject_id, teacher_id) values (53, 4, 159, 4, 13);
insert into GRADE (id, mark, student_id, subject_id, teacher_id) values (54, 5, 103, 10, 10);
insert into GRADE (id, mark, student_id, subject_id, teacher_id) values (55, 1, 140, 13, 14);
insert into GRADE (id, mark, student_id, subject_id, teacher_id) values (56, 5, 159, 11, 1);
insert into GRADE (id, mark, student_id, subject_id, teacher_id) values (57, 5, 70, 3, 18);
insert into GRADE (id, mark, student_id, subject_id, teacher_id) values (58, 2, 168, 6, 14);
insert into GRADE (id, mark, student_id, subject_id, teacher_id) values (59, 6, 178, 14, 2);
insert into GRADE (id, mark, student_id, subject_id, teacher_id) values (60, 2, 176, 9, 7);
insert into GRADE (id, mark, student_id, subject_id, teacher_id) values (61, 1, 54, 8, 20);
insert into GRADE (id, mark, student_id, subject_id, teacher_id) values (62, 2, 146, 11, 28);
insert into GRADE (id, mark, student_id, subject_id, teacher_id) values (63, 6, 60, 9, 7);
insert into GRADE (id, mark, student_id, subject_id, teacher_id) values (64, 2, 81, 4, 25);
insert into GRADE (id, mark, student_id, subject_id, teacher_id) values (65, 4, 126, 10, 13);
insert into GRADE (id, mark, student_id, subject_id, teacher_id) values (66, 1, 103, 11, 29);
insert into GRADE (id, mark, student_id, subject_id, teacher_id) values (67, 6, 48, 14, 25);
insert into GRADE (id, mark, student_id, subject_id, teacher_id) values (68, 5, 108, 10, 15);
insert into GRADE (id, mark, student_id, subject_id, teacher_id) values (69, 6, 124, 3, 15);
insert into GRADE (id, mark, student_id, subject_id, teacher_id) values (70, 4, 113, 13, 6);
insert into GRADE (id, mark, student_id, subject_id, teacher_id) values (71, 3, 137, 2, 1);
insert into GRADE (id, mark, student_id, subject_id, teacher_id) values (72, 3, 64, 3, 14);
insert into GRADE (id, mark, student_id, subject_id, teacher_id) values (73, 6, 64, 5, 28);
insert into GRADE (id, mark, student_id, subject_id, teacher_id) values (74, 3, 84, 1, 30);
insert into GRADE (id, mark, student_id, subject_id, teacher_id) values (75, 3, 75, 11, 9);
insert into GRADE (id, mark, student_id, subject_id, teacher_id) values (76, 5, 60, 1, 23);
insert into GRADE (id, mark, student_id, subject_id, teacher_id) values (77, 2, 54, 9, 2);
insert into GRADE (id, mark, student_id, subject_id, teacher_id) values (78, 3, 147, 5, 13);
insert into GRADE (id, mark, student_id, subject_id, teacher_id) values (79, 1, 147, 15, 13);
insert into GRADE (id, mark, student_id, subject_id, teacher_id) values (80, 4, 54, 13, 17);
insert into GRADE (id, mark, student_id, subject_id, teacher_id) values (81, 3, 102, 8, 19);
insert into GRADE (id, mark, student_id, subject_id, teacher_id) values (82, 2, 85, 11, 2);
insert into GRADE (id, mark, student_id, subject_id, teacher_id) values (83, 1, 168, 3, 15);
insert into GRADE (id, mark, student_id, subject_id, teacher_id) values (84, 5, 51, 13, 28);
insert into GRADE (id, mark, student_id, subject_id, teacher_id) values (85, 4, 55, 7, 12);
insert into GRADE (id, mark, student_id, subject_id, teacher_id) values (86, 6, 162, 7, 13);
insert into GRADE (id, mark, student_id, subject_id, teacher_id) values (87, 6, 73, 6, 1);
insert into GRADE (id, mark, student_id, subject_id, teacher_id) values (88, 1, 74, 4, 6);
insert into GRADE (id, mark, student_id, subject_id, teacher_id) values (89, 2, 61, 4, 11);
insert into GRADE (id, mark, student_id, subject_id, teacher_id) values (90, 4, 78, 12, 21);
insert into GRADE (id, mark, student_id, subject_id, teacher_id) values (91, 2, 97, 12, 30);
insert into GRADE (id, mark, student_id, subject_id, teacher_id) values (92, 1, 85, 4, 30);
insert into GRADE (id, mark, student_id, subject_id, teacher_id) values (93, 3, 119, 13, 9);
insert into GRADE (id, mark, student_id, subject_id, teacher_id) values (94, 4, 139, 13, 8);
insert into GRADE (id, mark, student_id, subject_id, teacher_id) values (95, 2, 154, 5, 3);
insert into GRADE (id, mark, student_id, subject_id, teacher_id) values (96, 6, 140, 12, 14);
insert into GRADE (id, mark, student_id, subject_id, teacher_id) values (97, 1, 171, 5, 1);
insert into GRADE (id, mark, student_id, subject_id, teacher_id) values (98, 3, 31, 2, 17);
insert into GRADE (id, mark, student_id, subject_id, teacher_id) values (99, 4, 107, 12, 8);
insert into GRADE (id, mark, student_id, subject_id, teacher_id) values (100, 4, 36, 13, 17);
insert into GRADE (id, mark, student_id, subject_id, teacher_id) values (101, 6, 83, 13, 11);
insert into GRADE (id, mark, student_id, subject_id, teacher_id) values (102, 3, 150, 7, 21);
insert into GRADE (id, mark, student_id, subject_id, teacher_id) values (103, 1, 42, 10, 26);
insert into GRADE (id, mark, student_id, subject_id, teacher_id) values (104, 4, 42, 3, 1);
insert into GRADE (id, mark, student_id, subject_id, teacher_id) values (105, 5, 133, 1, 30);
insert into GRADE (id, mark, student_id, subject_id, teacher_id) values (106, 2, 141, 5, 6);
insert into GRADE (id, mark, student_id, subject_id, teacher_id) values (107, 2, 105, 8, 1);
insert into GRADE (id, mark, student_id, subject_id, teacher_id) values (108, 5, 157, 5, 27);
insert into GRADE (id, mark, student_id, subject_id, teacher_id) values (109, 1, 141, 10, 5);
insert into GRADE (id, mark, student_id, subject_id, teacher_id) values (110, 4, 92, 3, 14);
insert into GRADE (id, mark, student_id, subject_id, teacher_id) values (111, 6, 104, 1, 23);
insert into GRADE (id, mark, student_id, subject_id, teacher_id) values (112, 1, 160, 6, 12);
insert into GRADE (id, mark, student_id, subject_id, teacher_id) values (113, 2, 172, 7, 21);
insert into GRADE (id, mark, student_id, subject_id, teacher_id) values (114, 1, 121, 3, 28);
insert into GRADE (id, mark, student_id, subject_id, teacher_id) values (115, 5, 59, 11, 2);
insert into GRADE (id, mark, student_id, subject_id, teacher_id) values (116, 2, 127, 4, 17);
insert into GRADE (id, mark, student_id, subject_id, teacher_id) values (117, 4, 164, 6, 8);
insert into GRADE (id, mark, student_id, subject_id, teacher_id) values (118, 3, 31, 9, 13);
insert into GRADE (id, mark, student_id, subject_id, teacher_id) values (119, 2, 157, 14, 26);
insert into GRADE (id, mark, student_id, subject_id, teacher_id) values (120, 4, 162, 1, 22);
insert into GRADE (id, mark, student_id, subject_id, teacher_id) values (121, 4, 92, 7, 20);
insert into GRADE (id, mark, student_id, subject_id, teacher_id) values (122, 6, 40, 6, 19);
insert into GRADE (id, mark, student_id, subject_id, teacher_id) values (123, 3, 143, 11, 27);
insert into GRADE (id, mark, student_id, subject_id, teacher_id) values (124, 1, 170, 12, 4);
insert into GRADE (id, mark, student_id, subject_id, teacher_id) values (125, 3, 48, 14, 26);
insert into GRADE (id, mark, student_id, subject_id, teacher_id) values (126, 2, 75, 12, 17);
insert into GRADE (id, mark, student_id, subject_id, teacher_id) values (127, 1, 44, 15, 7);
insert into GRADE (id, mark, student_id, subject_id, teacher_id) values (128, 2, 36, 5, 11);
insert into GRADE (id, mark, student_id, subject_id, teacher_id) values (129, 5, 138, 14, 12);
insert into GRADE (id, mark, student_id, subject_id, teacher_id) values (130, 3, 141, 2, 15);
insert into GRADE (id, mark, student_id, subject_id, teacher_id) values (131, 3, 166, 6, 10);
insert into GRADE (id, mark, student_id, subject_id, teacher_id) values (132, 3, 166, 13, 26);
insert into GRADE (id, mark, student_id, subject_id, teacher_id) values (133, 5, 84, 11, 8);
insert into GRADE (id, mark, student_id, subject_id, teacher_id) values (134, 1, 148, 4, 5);
insert into GRADE (id, mark, student_id, subject_id, teacher_id) values (135, 4, 100, 12, 5);
insert into GRADE (id, mark, student_id, subject_id, teacher_id) values (136, 4, 146, 2, 9);
insert into GRADE (id, mark, student_id, subject_id, teacher_id) values (137, 5, 142, 2, 7);
insert into GRADE (id, mark, student_id, subject_id, teacher_id) values (138, 4, 146, 10, 5);
insert into GRADE (id, mark, student_id, subject_id, teacher_id) values (139, 4, 85, 12, 14);
insert into GRADE (id, mark, student_id, subject_id, teacher_id) values (140, 3, 174, 12, 14);
insert into GRADE (id, mark, student_id, subject_id, teacher_id) values (141, 4, 96, 10, 15);
insert into GRADE (id, mark, student_id, subject_id, teacher_id) values (142, 4, 86, 8, 6);
insert into GRADE (id, mark, student_id, subject_id, teacher_id) values (143, 6, 123, 5, 7);
insert into GRADE (id, mark, student_id, subject_id, teacher_id) values (144, 1, 40, 1, 22);
insert into GRADE (id, mark, student_id, subject_id, teacher_id) values (145, 6, 74, 13, 24);
insert into GRADE (id, mark, student_id, subject_id, teacher_id) values (146, 4, 158, 2, 20);
insert into GRADE (id, mark, student_id, subject_id, teacher_id) values (147, 1, 41, 1, 21);
insert into GRADE (id, mark, student_id, subject_id, teacher_id) values (148, 1, 45, 8, 13);
insert into GRADE (id, mark, student_id, subject_id, teacher_id) values (149, 4, 157, 8, 8);
insert into GRADE (id, mark, student_id, subject_id, teacher_id) values (150, 6, 165, 12, 13);
insert into GRADE (id, mark, student_id, subject_id, teacher_id) values (151, 5, 154, 14, 24);
insert into GRADE (id, mark, student_id, subject_id, teacher_id) values (152, 6, 143, 3, 30);
insert into GRADE (id, mark, student_id, subject_id, teacher_id) values (153, 3, 45, 8, 9);
insert into GRADE (id, mark, student_id, subject_id, teacher_id) values (154, 4, 93, 13, 21);
insert into GRADE (id, mark, student_id, subject_id, teacher_id) values (155, 4, 114, 15, 21);
insert into GRADE (id, mark, student_id, subject_id, teacher_id) values (156, 5, 162, 3, 6);
insert into GRADE (id, mark, student_id, subject_id, teacher_id) values (157, 3, 70, 3, 27);
insert into GRADE (id, mark, student_id, subject_id, teacher_id) values (158, 5, 93, 6, 20);
insert into GRADE (id, mark, student_id, subject_id, teacher_id) values (159, 2, 93, 14, 14);
insert into GRADE (id, mark, student_id, subject_id, teacher_id) values (160, 2, 68, 13, 7);
insert into GRADE (id, mark, student_id, subject_id, teacher_id) values (161, 2, 100, 1, 22);
insert into GRADE (id, mark, student_id, subject_id, teacher_id) values (162, 5, 167, 4, 11);
insert into GRADE (id, mark, student_id, subject_id, teacher_id) values (163, 1, 92, 11, 13);
insert into GRADE (id, mark, student_id, subject_id, teacher_id) values (164, 4, 143, 7, 17);
insert into GRADE (id, mark, student_id, subject_id, teacher_id) values (165, 1, 128, 7, 17);
insert into GRADE (id, mark, student_id, subject_id, teacher_id) values (166, 2, 108, 10, 12);
insert into GRADE (id, mark, student_id, subject_id, teacher_id) values (167, 1, 134, 6, 9);
insert into GRADE (id, mark, student_id, subject_id, teacher_id) values (168, 4, 122, 6, 18);
insert into GRADE (id, mark, student_id, subject_id, teacher_id) values (169, 3, 87, 14, 7);
insert into GRADE (id, mark, student_id, subject_id, teacher_id) values (170, 1, 43, 2, 21);
insert into GRADE (id, mark, student_id, subject_id, teacher_id) values (171, 1, 160, 4, 21);
insert into GRADE (id, mark, student_id, subject_id, teacher_id) values (172, 2, 172, 2, 12);
insert into GRADE (id, mark, student_id, subject_id, teacher_id) values (173, 3, 159, 13, 27);
insert into GRADE (id, mark, student_id, subject_id, teacher_id) values (174, 4, 155, 4, 26);
insert into GRADE (id, mark, student_id, subject_id, teacher_id) values (175, 2, 101, 3, 26);
insert into GRADE (id, mark, student_id, subject_id, teacher_id) values (176, 2, 165, 4, 8);
insert into GRADE (id, mark, student_id, subject_id, teacher_id) values (177, 1, 126, 8, 7);
insert into GRADE (id, mark, student_id, subject_id, teacher_id) values (178, 4, 177, 12, 12);
insert into GRADE (id, mark, student_id, subject_id, teacher_id) values (179, 3, 86, 12, 17);
insert into GRADE (id, mark, student_id, subject_id, teacher_id) values (180, 2, 127, 13, 7);
insert into GRADE (id, mark, student_id, subject_id, teacher_id) values (181, 1, 85, 2, 23);
insert into GRADE (id, mark, student_id, subject_id, teacher_id) values (182, 3, 132, 15, 16);
insert into GRADE (id, mark, student_id, subject_id, teacher_id) values (183, 2, 90, 11, 15);
insert into GRADE (id, mark, student_id, subject_id, teacher_id) values (184, 2, 117, 5, 8);
insert into GRADE (id, mark, student_id, subject_id, teacher_id) values (185, 5, 54, 13, 26);
insert into GRADE (id, mark, student_id, subject_id, teacher_id) values (186, 6, 32, 13, 25);
insert into GRADE (id, mark, student_id, subject_id, teacher_id) values (187, 4, 159, 8, 18);
insert into GRADE (id, mark, student_id, subject_id, teacher_id) values (188, 3, 171, 6, 25);
insert into GRADE (id, mark, student_id, subject_id, teacher_id) values (189, 6, 95, 1, 23);
insert into GRADE (id, mark, student_id, subject_id, teacher_id) values (190, 1, 35, 1, 11);
insert into GRADE (id, mark, student_id, subject_id, teacher_id) values (191, 4, 60, 13, 30);
insert into GRADE (id, mark, student_id, subject_id, teacher_id) values (192, 5, 59, 7, 13);
insert into GRADE (id, mark, student_id, subject_id, teacher_id) values (193, 1, 80, 5, 16);
insert into GRADE (id, mark, student_id, subject_id, teacher_id) values (194, 5, 67, 13, 2);
insert into GRADE (id, mark, student_id, subject_id, teacher_id) values (195, 3, 104, 10, 10);
insert into GRADE (id, mark, student_id, subject_id, teacher_id) values (196, 4, 120, 8, 12);
insert into GRADE (id, mark, student_id, subject_id, teacher_id) values (197, 5, 79, 7, 13);
insert into GRADE (id, mark, student_id, subject_id, teacher_id) values (198, 6, 68, 11, 4);
insert into GRADE (id, mark, student_id, subject_id, teacher_id) values (199, 6, 161, 14, 21);
insert into GRADE (id, mark, student_id, subject_id, teacher_id) values (200, 1, 133, 7, 3);
insert into GRADE (id, mark, student_id, subject_id, teacher_id) values (201, 2, 61, 4, 12);
insert into GRADE (id, mark, student_id, subject_id, teacher_id) values (202, 2, 92, 13, 8);
insert into GRADE (id, mark, student_id, subject_id, teacher_id) values (203, 1, 108, 5, 21);
insert into GRADE (id, mark, student_id, subject_id, teacher_id) values (204, 6, 164, 4, 28);
insert into GRADE (id, mark, student_id, subject_id, teacher_id) values (205, 5, 122, 14, 7);
insert into GRADE (id, mark, student_id, subject_id, teacher_id) values (206, 4, 141, 7, 22);
insert into GRADE (id, mark, student_id, subject_id, teacher_id) values (207, 4, 87, 14, 7);
insert into GRADE (id, mark, student_id, subject_id, teacher_id) values (208, 5, 170, 1, 13);
insert into GRADE (id, mark, student_id, subject_id, teacher_id) values (209, 2, 36, 4, 7);
insert into GRADE (id, mark, student_id, subject_id, teacher_id) values (210, 6, 78, 9, 24);
insert into GRADE (id, mark, student_id, subject_id, teacher_id) values (211, 5, 97, 15, 8);
insert into GRADE (id, mark, student_id, subject_id, teacher_id) values (212, 6, 143, 3, 22);
insert into GRADE (id, mark, student_id, subject_id, teacher_id) values (213, 4, 150, 6, 10);
insert into GRADE (id, mark, student_id, subject_id, teacher_id) values (214, 6, 33, 10, 13);
insert into GRADE (id, mark, student_id, subject_id, teacher_id) values (215, 5, 40, 2, 30);
insert into GRADE (id, mark, student_id, subject_id, teacher_id) values (216, 3, 171, 15, 25);
insert into GRADE (id, mark, student_id, subject_id, teacher_id) values (217, 1, 94, 11, 23);
insert into GRADE (id, mark, student_id, subject_id, teacher_id) values (218, 3, 158, 9, 15);
insert into GRADE (id, mark, student_id, subject_id, teacher_id) values (219, 1, 33, 8, 15);
insert into GRADE (id, mark, student_id, subject_id, teacher_id) values (220, 5, 78, 10, 21);
insert into GRADE (id, mark, student_id, subject_id, teacher_id) values (221, 3, 88, 11, 10);
insert into GRADE (id, mark, student_id, subject_id, teacher_id) values (222, 1, 174, 3, 23);
insert into GRADE (id, mark, student_id, subject_id, teacher_id) values (223, 6, 98, 6, 21);
insert into GRADE (id, mark, student_id, subject_id, teacher_id) values (224, 4, 84, 15, 21);
insert into GRADE (id, mark, student_id, subject_id, teacher_id) values (225, 3, 150, 4, 29);
insert into GRADE (id, mark, student_id, subject_id, teacher_id) values (226, 4, 143, 11, 5);
insert into GRADE (id, mark, student_id, subject_id, teacher_id) values (227, 1, 104, 6, 4);
insert into GRADE (id, mark, student_id, subject_id, teacher_id) values (228, 5, 72, 6, 26);
insert into GRADE (id, mark, student_id, subject_id, teacher_id) values (229, 2, 85, 12, 18);
insert into GRADE (id, mark, student_id, subject_id, teacher_id) values (230, 6, 133, 11, 16);
insert into GRADE (id, mark, student_id, subject_id, teacher_id) values (231, 2, 133, 11, 18);
insert into GRADE (id, mark, student_id, subject_id, teacher_id) values (232, 5, 77, 4, 30);
insert into GRADE (id, mark, student_id, subject_id, teacher_id) values (233, 3, 51, 8, 11);
insert into GRADE (id, mark, student_id, subject_id, teacher_id) values (234, 3, 39, 4, 11);
insert into GRADE (id, mark, student_id, subject_id, teacher_id) values (235, 3, 150, 2, 27);
insert into GRADE (id, mark, student_id, subject_id, teacher_id) values (236, 2, 155, 2, 30);
insert into GRADE (id, mark, student_id, subject_id, teacher_id) values (237, 4, 175, 9, 8);
insert into GRADE (id, mark, student_id, subject_id, teacher_id) values (238, 3, 139, 1, 10);
insert into GRADE (id, mark, student_id, subject_id, teacher_id) values (239, 6, 148, 3, 9);
insert into GRADE (id, mark, student_id, subject_id, teacher_id) values (240, 5, 109, 15, 2);
insert into GRADE (id, mark, student_id, subject_id, teacher_id) values (241, 6, 104, 8, 19);
insert into GRADE (id, mark, student_id, subject_id, teacher_id) values (242, 6, 131, 8, 18);
insert into GRADE (id, mark, student_id, subject_id, teacher_id) values (243, 6, 130, 7, 5);
insert into GRADE (id, mark, student_id, subject_id, teacher_id) values (244, 4, 72, 2, 2);
insert into GRADE (id, mark, student_id, subject_id, teacher_id) values (245, 3, 55, 3, 15);
insert into GRADE (id, mark, student_id, subject_id, teacher_id) values (246, 3, 42, 9, 10);
insert into GRADE (id, mark, student_id, subject_id, teacher_id) values (247, 3, 58, 7, 5);
insert into GRADE (id, mark, student_id, subject_id, teacher_id) values (248, 5, 136, 2, 25);
insert into GRADE (id, mark, student_id, subject_id, teacher_id) values (249, 4, 170, 2, 15);
insert into GRADE (id, mark, student_id, subject_id, teacher_id) values (250, 5, 57, 11, 29);
insert into GRADE (id, mark, student_id, subject_id, teacher_id) values (251, 1, 151, 12, 13);
insert into GRADE (id, mark, student_id, subject_id, teacher_id) values (252, 3, 167, 10, 23);
insert into GRADE (id, mark, student_id, subject_id, teacher_id) values (253, 6, 142, 9, 9);
insert into GRADE (id, mark, student_id, subject_id, teacher_id) values (254, 3, 36, 8, 25);
insert into GRADE (id, mark, student_id, subject_id, teacher_id) values (255, 4, 88, 4, 10);
insert into GRADE (id, mark, student_id, subject_id, teacher_id) values (256, 2, 52, 14, 25);
insert into GRADE (id, mark, student_id, subject_id, teacher_id) values (257, 5, 165, 12, 18);
insert into GRADE (id, mark, student_id, subject_id, teacher_id) values (258, 5, 78, 10, 9);
insert into GRADE (id, mark, student_id, subject_id, teacher_id) values (259, 1, 37, 7, 3);
insert into GRADE (id, mark, student_id, subject_id, teacher_id) values (260, 2, 60, 7, 10);
insert into GRADE (id, mark, student_id, subject_id, teacher_id) values (261, 1, 68, 10, 26);
insert into GRADE (id, mark, student_id, subject_id, teacher_id) values (262, 1, 137, 10, 20);
insert into GRADE (id, mark, student_id, subject_id, teacher_id) values (263, 2, 102, 6, 16);
insert into GRADE (id, mark, student_id, subject_id, teacher_id) values (264, 1, 142, 6, 9);
insert into GRADE (id, mark, student_id, subject_id, teacher_id) values (265, 3, 41, 7, 12);
insert into GRADE (id, mark, student_id, subject_id, teacher_id) values (266, 5, 49, 7, 3);
insert into GRADE (id, mark, student_id, subject_id, teacher_id) values (267, 1, 128, 11, 13);
insert into GRADE (id, mark, student_id, subject_id, teacher_id) values (268, 3, 34, 1, 14);
insert into GRADE (id, mark, student_id, subject_id, teacher_id) values (269, 1, 113, 1, 18);
insert into GRADE (id, mark, student_id, subject_id, teacher_id) values (270, 3, 56, 14, 8);
insert into GRADE (id, mark, student_id, subject_id, teacher_id) values (271, 2, 48, 5, 10);
insert into GRADE (id, mark, student_id, subject_id, teacher_id) values (272, 5, 69, 4, 7);
insert into GRADE (id, mark, student_id, subject_id, teacher_id) values (273, 4, 110, 13, 19);
insert into GRADE (id, mark, student_id, subject_id, teacher_id) values (274, 1, 118, 3, 27);
insert into GRADE (id, mark, student_id, subject_id, teacher_id) values (275, 4, 167, 15, 6);
insert into GRADE (id, mark, student_id, subject_id, teacher_id) values (276, 1, 117, 12, 19);
insert into GRADE (id, mark, student_id, subject_id, teacher_id) values (277, 5, 31, 6, 9);
insert into GRADE (id, mark, student_id, subject_id, teacher_id) values (278, 3, 85, 6, 5);
insert into GRADE (id, mark, student_id, subject_id, teacher_id) values (279, 5, 55, 13, 20);
insert into GRADE (id, mark, student_id, subject_id, teacher_id) values (280, 6, 122, 6, 22);
insert into GRADE (id, mark, student_id, subject_id, teacher_id) values (281, 5, 126, 10, 20);
insert into GRADE (id, mark, student_id, subject_id, teacher_id) values (282, 2, 128, 10, 26);
insert into GRADE (id, mark, student_id, subject_id, teacher_id) values (283, 1, 149, 13, 24);
insert into GRADE (id, mark, student_id, subject_id, teacher_id) values (284, 2, 50, 5, 7);
insert into GRADE (id, mark, student_id, subject_id, teacher_id) values (285, 3, 132, 9, 24);
insert into GRADE (id, mark, student_id, subject_id, teacher_id) values (286, 3, 32, 3, 6);
insert into GRADE (id, mark, student_id, subject_id, teacher_id) values (287, 3, 82, 9, 11);
insert into GRADE (id, mark, student_id, subject_id, teacher_id) values (288, 3, 110, 10, 13);
insert into GRADE (id, mark, student_id, subject_id, teacher_id) values (289, 2, 51, 11, 18);
insert into GRADE (id, mark, student_id, subject_id, teacher_id) values (290, 4, 172, 2, 30);
insert into GRADE (id, mark, student_id, subject_id, teacher_id) values (291, 2, 93, 13, 24);
insert into GRADE (id, mark, student_id, subject_id, teacher_id) values (292, 6, 77, 11, 26);
insert into GRADE (id, mark, student_id, subject_id, teacher_id) values (293, 6, 105, 9, 5);
insert into GRADE (id, mark, student_id, subject_id, teacher_id) values (294, 1, 132, 14, 8);
insert into GRADE (id, mark, student_id, subject_id, teacher_id) values (295, 6, 52, 14, 23);
insert into GRADE (id, mark, student_id, subject_id, teacher_id) values (296, 6, 164, 4, 5);
insert into GRADE (id, mark, student_id, subject_id, teacher_id) values (297, 2, 153, 15, 9);
insert into GRADE (id, mark, student_id, subject_id, teacher_id) values (298, 6, 132, 4, 17);
insert into GRADE (id, mark, student_id, subject_id, teacher_id) values (299, 2, 96, 14, 2);
insert into GRADE (id, mark, student_id, subject_id, teacher_id) values (300, 4, 149, 5, 20);
insert into GRADE (id, mark, student_id, subject_id, teacher_id) values (301, 5, 177, 5, 6);
insert into GRADE (id, mark, student_id, subject_id, teacher_id) values (302, 5, 60, 13, 22);
insert into GRADE (id, mark, student_id, subject_id, teacher_id) values (303, 5, 108, 11, 25);
insert into GRADE (id, mark, student_id, subject_id, teacher_id) values (304, 3, 101, 13, 30);
insert into GRADE (id, mark, student_id, subject_id, teacher_id) values (305, 6, 174, 15, 19);
insert into GRADE (id, mark, student_id, subject_id, teacher_id) values (306, 2, 156, 9, 7);
insert into GRADE (id, mark, student_id, subject_id, teacher_id) values (307, 2, 146, 8, 12);
insert into GRADE (id, mark, student_id, subject_id, teacher_id) values (308, 4, 57, 6, 10);
insert into GRADE (id, mark, student_id, subject_id, teacher_id) values (309, 4, 153, 3, 20);
insert into GRADE (id, mark, student_id, subject_id, teacher_id) values (310, 2, 44, 1, 15);
insert into GRADE (id, mark, student_id, subject_id, teacher_id) values (311, 5, 104, 15, 20);
insert into GRADE (id, mark, student_id, subject_id, teacher_id) values (312, 2, 178, 2, 12);
insert into GRADE (id, mark, student_id, subject_id, teacher_id) values (313, 5, 41, 9, 15);
insert into GRADE (id, mark, student_id, subject_id, teacher_id) values (314, 4, 167, 8, 3);
insert into GRADE (id, mark, student_id, subject_id, teacher_id) values (315, 1, 97, 4, 16);
insert into GRADE (id, mark, student_id, subject_id, teacher_id) values (316, 4, 33, 5, 22);
insert into GRADE (id, mark, student_id, subject_id, teacher_id) values (317, 3, 139, 15, 2);
insert into GRADE (id, mark, student_id, subject_id, teacher_id) values (318, 3, 142, 13, 24);
insert into GRADE (id, mark, student_id, subject_id, teacher_id) values (319, 3, 96, 12, 11);
insert into GRADE (id, mark, student_id, subject_id, teacher_id) values (320, 3, 174, 4, 6);
insert into GRADE (id, mark, student_id, subject_id, teacher_id) values (321, 2, 127, 14, 11);
insert into GRADE (id, mark, student_id, subject_id, teacher_id) values (322, 5, 144, 5, 3);
insert into GRADE (id, mark, student_id, subject_id, teacher_id) values (323, 4, 75, 1, 14);
insert into GRADE (id, mark, student_id, subject_id, teacher_id) values (324, 3, 58, 6, 16);
insert into GRADE (id, mark, student_id, subject_id, teacher_id) values (325, 5, 99, 2, 19);
insert into GRADE (id, mark, student_id, subject_id, teacher_id) values (326, 3, 34, 8, 28);
insert into GRADE (id, mark, student_id, subject_id, teacher_id) values (327, 6, 132, 8, 15);
insert into GRADE (id, mark, student_id, subject_id, teacher_id) values (328, 1, 102, 6, 12);
insert into GRADE (id, mark, student_id, subject_id, teacher_id) values (329, 2, 172, 5, 25);
insert into GRADE (id, mark, student_id, subject_id, teacher_id) values (330, 4, 119, 4, 25);
insert into GRADE (id, mark, student_id, subject_id, teacher_id) values (331, 5, 177, 7, 9);
insert into GRADE (id, mark, student_id, subject_id, teacher_id) values (332, 1, 177, 9, 25);
insert into GRADE (id, mark, student_id, subject_id, teacher_id) values (333, 1, 132, 14, 3);
insert into GRADE (id, mark, student_id, subject_id, teacher_id) values (334, 2, 117, 6, 11);
insert into GRADE (id, mark, student_id, subject_id, teacher_id) values (335, 5, 58, 6, 5);
insert into GRADE (id, mark, student_id, subject_id, teacher_id) values (336, 5, 56, 5, 5);
insert into GRADE (id, mark, student_id, subject_id, teacher_id) values (337, 3, 153, 9, 16);
insert into GRADE (id, mark, student_id, subject_id, teacher_id) values (338, 1, 167, 6, 12);
insert into GRADE (id, mark, student_id, subject_id, teacher_id) values (339, 4, 146, 2, 25);
insert into GRADE (id, mark, student_id, subject_id, teacher_id) values (340, 2, 100, 12, 14);
insert into GRADE (id, mark, student_id, subject_id, teacher_id) values (341, 4, 147, 2, 6);
insert into GRADE (id, mark, student_id, subject_id, teacher_id) values (342, 4, 57, 9, 17);
insert into GRADE (id, mark, student_id, subject_id, teacher_id) values (343, 2, 150, 14, 25);
insert into GRADE (id, mark, student_id, subject_id, teacher_id) values (344, 4, 125, 2, 30);
insert into GRADE (id, mark, student_id, subject_id, teacher_id) values (345, 2, 128, 3, 11);
insert into GRADE (id, mark, student_id, subject_id, teacher_id) values (346, 4, 80, 11, 30);
insert into GRADE (id, mark, student_id, subject_id, teacher_id) values (347, 1, 72, 12, 26);
insert into GRADE (id, mark, student_id, subject_id, teacher_id) values (348, 3, 134, 8, 25);
insert into GRADE (id, mark, student_id, subject_id, teacher_id) values (349, 2, 45, 9, 24);
insert into GRADE (id, mark, student_id, subject_id, teacher_id) values (350, 4, 129, 4, 22);
insert into GRADE (id, mark, student_id, subject_id, teacher_id) values (351, 6, 88, 15, 23);
insert into GRADE (id, mark, student_id, subject_id, teacher_id) values (352, 4, 171, 1, 8);
insert into GRADE (id, mark, student_id, subject_id, teacher_id) values (353, 3, 147, 9, 16);
insert into GRADE (id, mark, student_id, subject_id, teacher_id) values (354, 6, 138, 1, 3);
insert into GRADE (id, mark, student_id, subject_id, teacher_id) values (355, 3, 106, 10, 27);
insert into GRADE (id, mark, student_id, subject_id, teacher_id) values (356, 2, 135, 7, 15);
insert into GRADE (id, mark, student_id, subject_id, teacher_id) values (357, 3, 143, 3, 20);
insert into GRADE (id, mark, student_id, subject_id, teacher_id) values (358, 4, 142, 8, 26);
insert into GRADE (id, mark, student_id, subject_id, teacher_id) values (359, 5, 62, 7, 15);
insert into GRADE (id, mark, student_id, subject_id, teacher_id) values (360, 4, 84, 10, 15);
insert into GRADE (id, mark, student_id, subject_id, teacher_id) values (361, 4, 164, 9, 10);
insert into GRADE (id, mark, student_id, subject_id, teacher_id) values (362, 6, 89, 1, 5);
insert into GRADE (id, mark, student_id, subject_id, teacher_id) values (363, 2, 31, 6, 27);
insert into GRADE (id, mark, student_id, subject_id, teacher_id) values (364, 3, 99, 10, 12);
insert into GRADE (id, mark, student_id, subject_id, teacher_id) values (365, 6, 73, 9, 20);
insert into GRADE (id, mark, student_id, subject_id, teacher_id) values (366, 5, 70, 6, 24);
insert into GRADE (id, mark, student_id, subject_id, teacher_id) values (367, 5, 165, 2, 22);
insert into GRADE (id, mark, student_id, subject_id, teacher_id) values (368, 3, 101, 7, 23);
insert into GRADE (id, mark, student_id, subject_id, teacher_id) values (369, 2, 33, 14, 17);
insert into GRADE (id, mark, student_id, subject_id, teacher_id) values (370, 6, 141, 4, 26);
insert into GRADE (id, mark, student_id, subject_id, teacher_id) values (371, 2, 55, 9, 1);
insert into GRADE (id, mark, student_id, subject_id, teacher_id) values (372, 4, 107, 6, 18);
insert into GRADE (id, mark, student_id, subject_id, teacher_id) values (373, 4, 121, 6, 14);
insert into GRADE (id, mark, student_id, subject_id, teacher_id) values (374, 4, 177, 12, 29);
insert into GRADE (id, mark, student_id, subject_id, teacher_id) values (375, 5, 35, 7, 6);
insert into GRADE (id, mark, student_id, subject_id, teacher_id) values (376, 1, 35, 4, 11);
insert into GRADE (id, mark, student_id, subject_id, teacher_id) values (377, 4, 67, 15, 22);
insert into GRADE (id, mark, student_id, subject_id, teacher_id) values (378, 1, 165, 7, 15);
insert into GRADE (id, mark, student_id, subject_id, teacher_id) values (379, 1, 107, 2, 20);
insert into GRADE (id, mark, student_id, subject_id, teacher_id) values (380, 5, 78, 5, 18);
insert into GRADE (id, mark, student_id, subject_id, teacher_id) values (381, 6, 49, 3, 19);
insert into GRADE (id, mark, student_id, subject_id, teacher_id) values (382, 1, 174, 9, 7);
insert into GRADE (id, mark, student_id, subject_id, teacher_id) values (383, 5, 95, 2, 16);
insert into GRADE (id, mark, student_id, subject_id, teacher_id) values (384, 4, 143, 2, 11);
insert into GRADE (id, mark, student_id, subject_id, teacher_id) values (385, 3, 161, 1, 12);
insert into GRADE (id, mark, student_id, subject_id, teacher_id) values (386, 4, 126, 7, 13);
insert into GRADE (id, mark, student_id, subject_id, teacher_id) values (387, 5, 152, 10, 8);
insert into GRADE (id, mark, student_id, subject_id, teacher_id) values (388, 6, 74, 6, 11);
insert into GRADE (id, mark, student_id, subject_id, teacher_id) values (389, 4, 159, 14, 12);
insert into GRADE (id, mark, student_id, subject_id, teacher_id) values (390, 1, 163, 15, 15);
insert into GRADE (id, mark, student_id, subject_id, teacher_id) values (391, 1, 42, 5, 14);
insert into GRADE (id, mark, student_id, subject_id, teacher_id) values (392, 1, 78, 9, 17);
insert into GRADE (id, mark, student_id, subject_id, teacher_id) values (393, 1, 154, 12, 28);
insert into GRADE (id, mark, student_id, subject_id, teacher_id) values (394, 2, 50, 2, 26);
insert into GRADE (id, mark, student_id, subject_id, teacher_id) values (395, 4, 40, 12, 2);
insert into GRADE (id, mark, student_id, subject_id, teacher_id) values (396, 1, 77, 5, 27);
insert into GRADE (id, mark, student_id, subject_id, teacher_id) values (397, 2, 68, 5, 14);
insert into GRADE (id, mark, student_id, subject_id, teacher_id) values (398, 4, 169, 8, 8);
insert into GRADE (id, mark, student_id, subject_id, teacher_id) values (399, 4, 151, 12, 12);
insert into GRADE (id, mark, student_id, subject_id, teacher_id) values (400, 6, 178, 10, 22);
insert into GRADE (id, mark, student_id, subject_id, teacher_id) values (401, 3, 177, 9, 22);
insert into GRADE (id, mark, student_id, subject_id, teacher_id) values (402, 4, 67, 3, 23);
insert into GRADE (id, mark, student_id, subject_id, teacher_id) values (403, 2, 157, 6, 8);
insert into GRADE (id, mark, student_id, subject_id, teacher_id) values (404, 1, 81, 11, 1);
insert into GRADE (id, mark, student_id, subject_id, teacher_id) values (405, 3, 32, 3, 30);
insert into GRADE (id, mark, student_id, subject_id, teacher_id) values (406, 2, 94, 2, 4);
insert into GRADE (id, mark, student_id, subject_id, teacher_id) values (407, 2, 147, 15, 26);
insert into GRADE (id, mark, student_id, subject_id, teacher_id) values (408, 3, 157, 10, 11);
insert into GRADE (id, mark, student_id, subject_id, teacher_id) values (409, 3, 158, 15, 2);
insert into GRADE (id, mark, student_id, subject_id, teacher_id) values (410, 5, 98, 15, 1);
insert into GRADE (id, mark, student_id, subject_id, teacher_id) values (411, 5, 163, 12, 9);
insert into GRADE (id, mark, student_id, subject_id, teacher_id) values (412, 3, 40, 15, 4);
insert into GRADE (id, mark, student_id, subject_id, teacher_id) values (413, 4, 178, 7, 4);
insert into GRADE (id, mark, student_id, subject_id, teacher_id) values (414, 5, 82, 6, 14);
insert into GRADE (id, mark, student_id, subject_id, teacher_id) values (415, 3, 123, 3, 5);
insert into GRADE (id, mark, student_id, subject_id, teacher_id) values (416, 4, 99, 13, 15);
insert into GRADE (id, mark, student_id, subject_id, teacher_id) values (417, 1, 174, 4, 24);
insert into GRADE (id, mark, student_id, subject_id, teacher_id) values (418, 4, 105, 5, 5);
insert into GRADE (id, mark, student_id, subject_id, teacher_id) values (419, 6, 114, 5, 4);
insert into GRADE (id, mark, student_id, subject_id, teacher_id) values (420, 3, 169, 7, 5);
insert into GRADE (id, mark, student_id, subject_id, teacher_id) values (421, 4, 113, 9, 7);
insert into GRADE (id, mark, student_id, subject_id, teacher_id) values (422, 4, 92, 13, 17);
insert into GRADE (id, mark, student_id, subject_id, teacher_id) values (423, 6, 70, 8, 9);
insert into GRADE (id, mark, student_id, subject_id, teacher_id) values (424, 5, 31, 3, 28);
insert into GRADE (id, mark, student_id, subject_id, teacher_id) values (425, 6, 52, 9, 30);
insert into GRADE (id, mark, student_id, subject_id, teacher_id) values (426, 6, 37, 7, 10);
insert into GRADE (id, mark, student_id, subject_id, teacher_id) values (427, 6, 153, 15, 9);
insert into GRADE (id, mark, student_id, subject_id, teacher_id) values (428, 5, 56, 3, 26);
insert into GRADE (id, mark, student_id, subject_id, teacher_id) values (429, 3, 47, 2, 21);
insert into GRADE (id, mark, student_id, subject_id, teacher_id) values (430, 5, 133, 11, 8);
insert into GRADE (id, mark, student_id, subject_id, teacher_id) values (431, 5, 92, 12, 20);
insert into GRADE (id, mark, student_id, subject_id, teacher_id) values (432, 1, 140, 1, 29);
insert into GRADE (id, mark, student_id, subject_id, teacher_id) values (433, 5, 89, 8, 18);
insert into GRADE (id, mark, student_id, subject_id, teacher_id) values (434, 3, 52, 15, 15);
insert into GRADE (id, mark, student_id, subject_id, teacher_id) values (435, 2, 156, 8, 7);
insert into GRADE (id, mark, student_id, subject_id, teacher_id) values (436, 6, 149, 6, 21);
insert into GRADE (id, mark, student_id, subject_id, teacher_id) values (437, 4, 170, 10, 9);
insert into GRADE (id, mark, student_id, subject_id, teacher_id) values (438, 4, 94, 1, 11);
insert into GRADE (id, mark, student_id, subject_id, teacher_id) values (439, 3, 100, 8, 13);
insert into GRADE (id, mark, student_id, subject_id, teacher_id) values (440, 4, 153, 8, 20);
insert into GRADE (id, mark, student_id, subject_id, teacher_id) values (441, 2, 175, 13, 17);
insert into GRADE (id, mark, student_id, subject_id, teacher_id) values (442, 2, 54, 15, 14);
insert into GRADE (id, mark, student_id, subject_id, teacher_id) values (443, 6, 50, 11, 30);
insert into GRADE (id, mark, student_id, subject_id, teacher_id) values (444, 4, 130, 9, 17);
insert into GRADE (id, mark, student_id, subject_id, teacher_id) values (445, 4, 120, 4, 15);
insert into GRADE (id, mark, student_id, subject_id, teacher_id) values (446, 4, 74, 9, 27);
insert into GRADE (id, mark, student_id, subject_id, teacher_id) values (447, 3, 31, 4, 24);
insert into GRADE (id, mark, student_id, subject_id, teacher_id) values (448, 5, 178, 7, 13);
insert into GRADE (id, mark, student_id, subject_id, teacher_id) values (449, 6, 91, 1, 9);
insert into GRADE (id, mark, student_id, subject_id, teacher_id) values (450, 1, 109, 3, 23);
insert into GRADE (id, mark, student_id, subject_id, teacher_id) values (451, 5, 88, 3, 2);
insert into GRADE (id, mark, student_id, subject_id, teacher_id) values (452, 3, 167, 7, 24);
insert into GRADE (id, mark, student_id, subject_id, teacher_id) values (453, 4, 51, 12, 12);
insert into GRADE (id, mark, student_id, subject_id, teacher_id) values (454, 2, 180, 10, 8);
insert into GRADE (id, mark, student_id, subject_id, teacher_id) values (455, 2, 134, 4, 26);
insert into GRADE (id, mark, student_id, subject_id, teacher_id) values (456, 4, 42, 12, 2);
insert into GRADE (id, mark, student_id, subject_id, teacher_id) values (457, 3, 142, 13, 9);
insert into GRADE (id, mark, student_id, subject_id, teacher_id) values (458, 5, 81, 13, 29);
insert into GRADE (id, mark, student_id, subject_id, teacher_id) values (459, 4, 48, 12, 14);
insert into GRADE (id, mark, student_id, subject_id, teacher_id) values (460, 6, 93, 1, 29);
insert into GRADE (id, mark, student_id, subject_id, teacher_id) values (461, 1, 103, 1, 19);
insert into GRADE (id, mark, student_id, subject_id, teacher_id) values (462, 6, 32, 4, 12);
insert into GRADE (id, mark, student_id, subject_id, teacher_id) values (463, 5, 85, 8, 18);
insert into GRADE (id, mark, student_id, subject_id, teacher_id) values (464, 2, 94, 11, 30);
insert into GRADE (id, mark, student_id, subject_id, teacher_id) values (465, 2, 96, 1, 19);
insert into GRADE (id, mark, student_id, subject_id, teacher_id) values (466, 1, 122, 13, 26);
insert into GRADE (id, mark, student_id, subject_id, teacher_id) values (467, 2, 75, 2, 12);
insert into GRADE (id, mark, student_id, subject_id, teacher_id) values (468, 1, 163, 11, 4);
insert into GRADE (id, mark, student_id, subject_id, teacher_id) values (469, 4, 78, 7, 27);
insert into GRADE (id, mark, student_id, subject_id, teacher_id) values (470, 2, 70, 3, 10);
insert into GRADE (id, mark, student_id, subject_id, teacher_id) values (471, 6, 170, 15, 22);
insert into GRADE (id, mark, student_id, subject_id, teacher_id) values (472, 4, 90, 3, 16);
insert into GRADE (id, mark, student_id, subject_id, teacher_id) values (473, 1, 91, 6, 19);
insert into GRADE (id, mark, student_id, subject_id, teacher_id) values (474, 4, 173, 1, 26);
insert into GRADE (id, mark, student_id, subject_id, teacher_id) values (475, 1, 65, 6, 20);
insert into GRADE (id, mark, student_id, subject_id, teacher_id) values (476, 3, 109, 6, 4);
insert into GRADE (id, mark, student_id, subject_id, teacher_id) values (477, 5, 91, 13, 18);
insert into GRADE (id, mark, student_id, subject_id, teacher_id) values (478, 5, 32, 14, 29);
insert into GRADE (id, mark, student_id, subject_id, teacher_id) values (479, 6, 131, 8, 21);
insert into GRADE (id, mark, student_id, subject_id, teacher_id) values (480, 2, 176, 9, 7);
insert into GRADE (id, mark, student_id, subject_id, teacher_id) values (481, 5, 101, 9, 17);
insert into GRADE (id, mark, student_id, subject_id, teacher_id) values (482, 4, 65, 13, 24);
insert into GRADE (id, mark, student_id, subject_id, teacher_id) values (483, 1, 163, 12, 1);
insert into GRADE (id, mark, student_id, subject_id, teacher_id) values (484, 4, 151, 2, 23);
insert into GRADE (id, mark, student_id, subject_id, teacher_id) values (485, 2, 86, 11, 12);
insert into GRADE (id, mark, student_id, subject_id, teacher_id) values (486, 5, 46, 2, 9);
insert into GRADE (id, mark, student_id, subject_id, teacher_id) values (487, 5, 36, 7, 1);
insert into GRADE (id, mark, student_id, subject_id, teacher_id) values (488, 6, 117, 7, 25);
insert into GRADE (id, mark, student_id, subject_id, teacher_id) values (489, 2, 153, 7, 6);
insert into GRADE (id, mark, student_id, subject_id, teacher_id) values (490, 1, 178, 12, 17);
insert into GRADE (id, mark, student_id, subject_id, teacher_id) values (491, 5, 154, 2, 27);
insert into GRADE (id, mark, student_id, subject_id, teacher_id) values (492, 3, 141, 15, 25);
insert into GRADE (id, mark, student_id, subject_id, teacher_id) values (493, 4, 166, 1, 25);
insert into GRADE (id, mark, student_id, subject_id, teacher_id) values (494, 2, 112, 13, 26);
insert into GRADE (id, mark, student_id, subject_id, teacher_id) values (495, 3, 104, 12, 19);
insert into GRADE (id, mark, student_id, subject_id, teacher_id) values (496, 2, 80, 4, 12);
insert into GRADE (id, mark, student_id, subject_id, teacher_id) values (497, 1, 134, 1, 24);
insert into GRADE (id, mark, student_id, subject_id, teacher_id) values (498, 5, 175, 9, 15);
insert into GRADE (id, mark, student_id, subject_id, teacher_id) values (499, 2, 78, 10, 18);
insert into GRADE (id, mark, student_id, subject_id, teacher_id) values (500, 3, 174, 1, 2);
insert into GRADE (id, mark, student_id, subject_id, teacher_id) values (501, 4, 139, 15, 1);
insert into GRADE (id, mark, student_id, subject_id, teacher_id) values (502, 3, 31, 1, 21);
insert into GRADE (id, mark, student_id, subject_id, teacher_id) values (503, 4, 132, 1, 9);
insert into GRADE (id, mark, student_id, subject_id, teacher_id) values (504, 6, 138, 3, 27);
insert into GRADE (id, mark, student_id, subject_id, teacher_id) values (505, 3, 121, 3, 3);
insert into GRADE (id, mark, student_id, subject_id, teacher_id) values (506, 4, 135, 13, 2);
insert into GRADE (id, mark, student_id, subject_id, teacher_id) values (507, 2, 44, 13, 28);
insert into GRADE (id, mark, student_id, subject_id, teacher_id) values (508, 1, 145, 5, 15);
insert into GRADE (id, mark, student_id, subject_id, teacher_id) values (509, 2, 54, 9, 19);
insert into GRADE (id, mark, student_id, subject_id, teacher_id) values (510, 2, 133, 13, 4);
insert into GRADE (id, mark, student_id, subject_id, teacher_id) values (511, 1, 114, 9, 26);
insert into GRADE (id, mark, student_id, subject_id, teacher_id) values (512, 3, 100, 12, 8);
insert into GRADE (id, mark, student_id, subject_id, teacher_id) values (513, 4, 65, 4, 21);
insert into GRADE (id, mark, student_id, subject_id, teacher_id) values (514, 5, 116, 13, 24);
insert into GRADE (id, mark, student_id, subject_id, teacher_id) values (515, 1, 110, 11, 10);
insert into GRADE (id, mark, student_id, subject_id, teacher_id) values (516, 3, 167, 6, 26);
insert into GRADE (id, mark, student_id, subject_id, teacher_id) values (517, 6, 34, 3, 2);
insert into GRADE (id, mark, student_id, subject_id, teacher_id) values (518, 5, 65, 7, 16);
insert into GRADE (id, mark, student_id, subject_id, teacher_id) values (519, 3, 170, 4, 26);
insert into GRADE (id, mark, student_id, subject_id, teacher_id) values (520, 5, 79, 13, 25);
insert into GRADE (id, mark, student_id, subject_id, teacher_id) values (521, 3, 170, 8, 23);
insert into GRADE (id, mark, student_id, subject_id, teacher_id) values (522, 5, 52, 4, 20);
insert into GRADE (id, mark, student_id, subject_id, teacher_id) values (523, 6, 141, 6, 2);
insert into GRADE (id, mark, student_id, subject_id, teacher_id) values (524, 1, 152, 5, 24);
insert into GRADE (id, mark, student_id, subject_id, teacher_id) values (525, 6, 87, 9, 16);
insert into GRADE (id, mark, student_id, subject_id, teacher_id) values (526, 2, 176, 11, 5);
insert into GRADE (id, mark, student_id, subject_id, teacher_id) values (527, 4, 129, 14, 2);
insert into GRADE (id, mark, student_id, subject_id, teacher_id) values (528, 4, 85, 14, 28);
insert into GRADE (id, mark, student_id, subject_id, teacher_id) values (529, 3, 177, 4, 24);
insert into GRADE (id, mark, student_id, subject_id, teacher_id) values (530, 5, 64, 7, 13);
insert into GRADE (id, mark, student_id, subject_id, teacher_id) values (531, 3, 45, 9, 17);
insert into GRADE (id, mark, student_id, subject_id, teacher_id) values (532, 4, 83, 4, 22);
insert into GRADE (id, mark, student_id, subject_id, teacher_id) values (533, 2, 178, 8, 3);
insert into GRADE (id, mark, student_id, subject_id, teacher_id) values (534, 4, 157, 9, 27);
insert into GRADE (id, mark, student_id, subject_id, teacher_id) values (535, 6, 97, 2, 10);
insert into GRADE (id, mark, student_id, subject_id, teacher_id) values (536, 1, 91, 7, 9);
insert into GRADE (id, mark, student_id, subject_id, teacher_id) values (537, 2, 125, 7, 8);
insert into GRADE (id, mark, student_id, subject_id, teacher_id) values (538, 5, 166, 13, 3);
insert into GRADE (id, mark, student_id, subject_id, teacher_id) values (539, 2, 75, 11, 7);
insert into GRADE (id, mark, student_id, subject_id, teacher_id) values (540, 4, 58, 15, 21);
insert into GRADE (id, mark, student_id, subject_id, teacher_id) values (541, 6, 73, 3, 20);
insert into GRADE (id, mark, student_id, subject_id, teacher_id) values (542, 6, 53, 8, 9);
insert into GRADE (id, mark, student_id, subject_id, teacher_id) values (543, 1, 163, 7, 22);
insert into GRADE (id, mark, student_id, subject_id, teacher_id) values (544, 6, 86, 2, 5);
insert into GRADE (id, mark, student_id, subject_id, teacher_id) values (545, 5, 135, 15, 17);
insert into GRADE (id, mark, student_id, subject_id, teacher_id) values (546, 5, 47, 5, 19);
insert into GRADE (id, mark, student_id, subject_id, teacher_id) values (547, 5, 97, 7, 20);
insert into GRADE (id, mark, student_id, subject_id, teacher_id) values (548, 6, 167, 13, 2);
insert into GRADE (id, mark, student_id, subject_id, teacher_id) values (549, 5, 78, 13, 12);
insert into GRADE (id, mark, student_id, subject_id, teacher_id) values (550, 2, 112, 15, 30);
insert into GRADE (id, mark, student_id, subject_id, teacher_id) values (551, 1, 37, 12, 25);
insert into GRADE (id, mark, student_id, subject_id, teacher_id) values (552, 4, 51, 6, 27);
insert into GRADE (id, mark, student_id, subject_id, teacher_id) values (553, 3, 48, 10, 9);
insert into GRADE (id, mark, student_id, subject_id, teacher_id) values (554, 2, 157, 10, 4);
insert into GRADE (id, mark, student_id, subject_id, teacher_id) values (555, 4, 118, 9, 30);
insert into GRADE (id, mark, student_id, subject_id, teacher_id) values (556, 4, 145, 13, 23);
insert into GRADE (id, mark, student_id, subject_id, teacher_id) values (557, 2, 72, 4, 21);
insert into GRADE (id, mark, student_id, subject_id, teacher_id) values (558, 6, 47, 13, 15);
insert into GRADE (id, mark, student_id, subject_id, teacher_id) values (559, 2, 85, 10, 8);
insert into GRADE (id, mark, student_id, subject_id, teacher_id) values (560, 2, 99, 2, 15);
insert into GRADE (id, mark, student_id, subject_id, teacher_id) values (561, 5, 113, 7, 19);
insert into GRADE (id, mark, student_id, subject_id, teacher_id) values (562, 6, 155, 15, 6);
insert into GRADE (id, mark, student_id, subject_id, teacher_id) values (563, 3, 140, 11, 17);
insert into GRADE (id, mark, student_id, subject_id, teacher_id) values (564, 6, 173, 1, 3);
insert into GRADE (id, mark, student_id, subject_id, teacher_id) values (565, 2, 115, 2, 19);
insert into GRADE (id, mark, student_id, subject_id, teacher_id) values (566, 2, 41, 4, 5);
insert into GRADE (id, mark, student_id, subject_id, teacher_id) values (567, 5, 148, 8, 12);
insert into GRADE (id, mark, student_id, subject_id, teacher_id) values (568, 6, 133, 2, 15);
insert into GRADE (id, mark, student_id, subject_id, teacher_id) values (569, 4, 132, 15, 3);
insert into GRADE (id, mark, student_id, subject_id, teacher_id) values (570, 6, 165, 4, 12);
insert into GRADE (id, mark, student_id, subject_id, teacher_id) values (571, 1, 72, 10, 17);
insert into GRADE (id, mark, student_id, subject_id, teacher_id) values (572, 1, 57, 1, 7);
insert into GRADE (id, mark, student_id, subject_id, teacher_id) values (573, 2, 129, 13, 23);
insert into GRADE (id, mark, student_id, subject_id, teacher_id) values (574, 4, 112, 1, 15);
insert into GRADE (id, mark, student_id, subject_id, teacher_id) values (575, 4, 123, 10, 9);
insert into GRADE (id, mark, student_id, subject_id, teacher_id) values (576, 5, 33, 2, 19);
insert into GRADE (id, mark, student_id, subject_id, teacher_id) values (577, 2, 88, 12, 27);
insert into GRADE (id, mark, student_id, subject_id, teacher_id) values (578, 2, 132, 4, 5);
insert into GRADE (id, mark, student_id, subject_id, teacher_id) values (579, 6, 47, 14, 30);
insert into GRADE (id, mark, student_id, subject_id, teacher_id) values (580, 3, 36, 12, 6);
insert into GRADE (id, mark, student_id, subject_id, teacher_id) values (581, 6, 152, 13, 3);
insert into GRADE (id, mark, student_id, subject_id, teacher_id) values (582, 6, 145, 15, 5);
insert into GRADE (id, mark, student_id, subject_id, teacher_id) values (583, 3, 124, 14, 1);
insert into GRADE (id, mark, student_id, subject_id, teacher_id) values (584, 6, 84, 3, 4);
insert into GRADE (id, mark, student_id, subject_id, teacher_id) values (585, 4, 46, 14, 11);
insert into GRADE (id, mark, student_id, subject_id, teacher_id) values (586, 1, 77, 10, 13);
insert into GRADE (id, mark, student_id, subject_id, teacher_id) values (587, 1, 47, 1, 23);
insert into GRADE (id, mark, student_id, subject_id, teacher_id) values (588, 6, 43, 14, 10);
insert into GRADE (id, mark, student_id, subject_id, teacher_id) values (589, 4, 129, 8, 6);
insert into GRADE (id, mark, student_id, subject_id, teacher_id) values (590, 2, 91, 15, 4);
insert into GRADE (id, mark, student_id, subject_id, teacher_id) values (591, 3, 56, 7, 1);
insert into GRADE (id, mark, student_id, subject_id, teacher_id) values (592, 4, 166, 14, 26);
insert into GRADE (id, mark, student_id, subject_id, teacher_id) values (593, 3, 88, 8, 25);
insert into GRADE (id, mark, student_id, subject_id, teacher_id) values (594, 3, 115, 6, 24);
insert into GRADE (id, mark, student_id, subject_id, teacher_id) values (595, 5, 87, 8, 28);
insert into GRADE (id, mark, student_id, subject_id, teacher_id) values (596, 5, 144, 3, 23);
insert into GRADE (id, mark, student_id, subject_id, teacher_id) values (597, 3, 145, 11, 30);
insert into GRADE (id, mark, student_id, subject_id, teacher_id) values (598, 5, 58, 4, 26);
insert into GRADE (id, mark, student_id, subject_id, teacher_id) values (599, 2, 99, 2, 17);
insert into GRADE (id, mark, student_id, subject_id, teacher_id) values (600, 1, 129, 4, 8);
insert into GRADE (id, mark, student_id, subject_id, teacher_id) values (601, 4, 33, 14, 15);
insert into GRADE (id, mark, student_id, subject_id, teacher_id) values (602, 4, 157, 6, 9);
insert into GRADE (id, mark, student_id, subject_id, teacher_id) values (603, 6, 121, 13, 9);
insert into GRADE (id, mark, student_id, subject_id, teacher_id) values (604, 2, 52, 4, 19);
insert into GRADE (id, mark, student_id, subject_id, teacher_id) values (605, 5, 116, 12, 17);
insert into GRADE (id, mark, student_id, subject_id, teacher_id) values (606, 1, 42, 10, 10);
insert into GRADE (id, mark, student_id, subject_id, teacher_id) values (607, 4, 86, 2, 13);
insert into GRADE (id, mark, student_id, subject_id, teacher_id) values (608, 1, 104, 4, 4);
insert into GRADE (id, mark, student_id, subject_id, teacher_id) values (609, 5, 134, 3, 2);
insert into GRADE (id, mark, student_id, subject_id, teacher_id) values (610, 5, 78, 8, 26);
insert into GRADE (id, mark, student_id, subject_id, teacher_id) values (611, 3, 137, 10, 4);
insert into GRADE (id, mark, student_id, subject_id, teacher_id) values (612, 3, 40, 3, 8);
insert into GRADE (id, mark, student_id, subject_id, teacher_id) values (613, 3, 39, 6, 10);
insert into GRADE (id, mark, student_id, subject_id, teacher_id) values (614, 1, 102, 10, 9);
insert into GRADE (id, mark, student_id, subject_id, teacher_id) values (615, 1, 97, 4, 14);
insert into GRADE (id, mark, student_id, subject_id, teacher_id) values (616, 6, 88, 3, 3);
insert into GRADE (id, mark, student_id, subject_id, teacher_id) values (617, 2, 169, 2, 24);
insert into GRADE (id, mark, student_id, subject_id, teacher_id) values (618, 2, 63, 2, 22);
insert into GRADE (id, mark, student_id, subject_id, teacher_id) values (619, 5, 137, 11, 30);
insert into GRADE (id, mark, student_id, subject_id, teacher_id) values (620, 1, 125, 12, 26);
insert into GRADE (id, mark, student_id, subject_id, teacher_id) values (621, 2, 37, 7, 29);
insert into GRADE (id, mark, student_id, subject_id, teacher_id) values (622, 5, 112, 6, 24);
insert into GRADE (id, mark, student_id, subject_id, teacher_id) values (623, 2, 146, 14, 26);
insert into GRADE (id, mark, student_id, subject_id, teacher_id) values (624, 3, 139, 9, 5);
insert into GRADE (id, mark, student_id, subject_id, teacher_id) values (625, 5, 91, 5, 24);
insert into GRADE (id, mark, student_id, subject_id, teacher_id) values (626, 5, 132, 6, 25);
insert into GRADE (id, mark, student_id, subject_id, teacher_id) values (627, 4, 79, 2, 18);
insert into GRADE (id, mark, student_id, subject_id, teacher_id) values (628, 4, 177, 15, 25);
insert into GRADE (id, mark, student_id, subject_id, teacher_id) values (629, 1, 109, 9, 27);
insert into GRADE (id, mark, student_id, subject_id, teacher_id) values (630, 3, 101, 3, 2);
insert into GRADE (id, mark, student_id, subject_id, teacher_id) values (631, 5, 155, 15, 4);
insert into GRADE (id, mark, student_id, subject_id, teacher_id) values (632, 1, 141, 9, 20);
insert into GRADE (id, mark, student_id, subject_id, teacher_id) values (633, 6, 45, 6, 6);
insert into GRADE (id, mark, student_id, subject_id, teacher_id) values (634, 2, 41, 11, 21);
insert into GRADE (id, mark, student_id, subject_id, teacher_id) values (635, 5, 43, 11, 19);
insert into GRADE (id, mark, student_id, subject_id, teacher_id) values (636, 4, 167, 7, 8);
insert into GRADE (id, mark, student_id, subject_id, teacher_id) values (637, 2, 119, 12, 30);
insert into GRADE (id, mark, student_id, subject_id, teacher_id) values (638, 4, 83, 11, 19);
insert into GRADE (id, mark, student_id, subject_id, teacher_id) values (639, 2, 40, 9, 20);
insert into GRADE (id, mark, student_id, subject_id, teacher_id) values (640, 5, 96, 9, 30);
insert into GRADE (id, mark, student_id, subject_id, teacher_id) values (641, 5, 113, 8, 26);
insert into GRADE (id, mark, student_id, subject_id, teacher_id) values (642, 4, 120, 1, 4);
insert into GRADE (id, mark, student_id, subject_id, teacher_id) values (643, 3, 72, 3, 27);
insert into GRADE (id, mark, student_id, subject_id, teacher_id) values (644, 2, 45, 8, 9);
insert into GRADE (id, mark, student_id, subject_id, teacher_id) values (645, 5, 149, 6, 4);
insert into GRADE (id, mark, student_id, subject_id, teacher_id) values (646, 1, 119, 6, 11);
insert into GRADE (id, mark, student_id, subject_id, teacher_id) values (647, 5, 152, 1, 26);
insert into GRADE (id, mark, student_id, subject_id, teacher_id) values (648, 2, 129, 5, 2);
insert into GRADE (id, mark, student_id, subject_id, teacher_id) values (649, 2, 122, 2, 9);
insert into GRADE (id, mark, student_id, subject_id, teacher_id) values (650, 1, 58, 8, 17);
insert into GRADE (id, mark, student_id, subject_id, teacher_id) values (651, 1, 58, 2, 14);
insert into GRADE (id, mark, student_id, subject_id, teacher_id) values (652, 5, 175, 14, 19);
insert into GRADE (id, mark, student_id, subject_id, teacher_id) values (653, 3, 121, 13, 3);
insert into GRADE (id, mark, student_id, subject_id, teacher_id) values (654, 2, 81, 14, 24);
insert into GRADE (id, mark, student_id, subject_id, teacher_id) values (655, 3, 146, 3, 26);
insert into GRADE (id, mark, student_id, subject_id, teacher_id) values (656, 4, 109, 10, 27);
insert into GRADE (id, mark, student_id, subject_id, teacher_id) values (657, 2, 169, 4, 2);
insert into GRADE (id, mark, student_id, subject_id, teacher_id) values (658, 2, 128, 15, 11);
insert into GRADE (id, mark, student_id, subject_id, teacher_id) values (659, 2, 138, 13, 11);
insert into GRADE (id, mark, student_id, subject_id, teacher_id) values (660, 5, 173, 10, 22);
insert into GRADE (id, mark, student_id, subject_id, teacher_id) values (661, 2, 97, 2, 15);
insert into GRADE (id, mark, student_id, subject_id, teacher_id) values (662, 5, 139, 3, 7);
insert into GRADE (id, mark, student_id, subject_id, teacher_id) values (663, 2, 116, 13, 24);
insert into GRADE (id, mark, student_id, subject_id, teacher_id) values (664, 4, 117, 12, 7);
insert into GRADE (id, mark, student_id, subject_id, teacher_id) values (665, 3, 107, 12, 28);
insert into GRADE (id, mark, student_id, subject_id, teacher_id) values (666, 6, 39, 5, 17);
insert into GRADE (id, mark, student_id, subject_id, teacher_id) values (667, 4, 150, 14, 22);
insert into GRADE (id, mark, student_id, subject_id, teacher_id) values (668, 5, 178, 6, 11);
insert into GRADE (id, mark, student_id, subject_id, teacher_id) values (669, 5, 72, 10, 15);
insert into GRADE (id, mark, student_id, subject_id, teacher_id) values (670, 1, 77, 4, 18);
insert into GRADE (id, mark, student_id, subject_id, teacher_id) values (671, 2, 102, 13, 2);
insert into GRADE (id, mark, student_id, subject_id, teacher_id) values (672, 4, 72, 6, 18);
insert into GRADE (id, mark, student_id, subject_id, teacher_id) values (673, 3, 38, 5, 19);
insert into GRADE (id, mark, student_id, subject_id, teacher_id) values (674, 4, 107, 15, 17);
insert into GRADE (id, mark, student_id, subject_id, teacher_id) values (675, 1, 88, 1, 13);
insert into GRADE (id, mark, student_id, subject_id, teacher_id) values (676, 3, 158, 11, 5);
insert into GRADE (id, mark, student_id, subject_id, teacher_id) values (677, 6, 123, 11, 13);
insert into GRADE (id, mark, student_id, subject_id, teacher_id) values (678, 3, 47, 3, 7);
insert into GRADE (id, mark, student_id, subject_id, teacher_id) values (679, 1, 171, 4, 27);
insert into GRADE (id, mark, student_id, subject_id, teacher_id) values (680, 6, 154, 15, 7);
insert into GRADE (id, mark, student_id, subject_id, teacher_id) values (681, 4, 124, 5, 12);
insert into GRADE (id, mark, student_id, subject_id, teacher_id) values (682, 5, 74, 1, 27);
insert into GRADE (id, mark, student_id, subject_id, teacher_id) values (683, 1, 59, 14, 26);
insert into GRADE (id, mark, student_id, subject_id, teacher_id) values (684, 4, 170, 3, 13);
insert into GRADE (id, mark, student_id, subject_id, teacher_id) values (685, 2, 35, 12, 24);
insert into GRADE (id, mark, student_id, subject_id, teacher_id) values (686, 3, 47, 5, 28);
insert into GRADE (id, mark, student_id, subject_id, teacher_id) values (687, 5, 107, 4, 22);
insert into GRADE (id, mark, student_id, subject_id, teacher_id) values (688, 2, 47, 14, 10);
insert into GRADE (id, mark, student_id, subject_id, teacher_id) values (689, 6, 68, 9, 6);
insert into GRADE (id, mark, student_id, subject_id, teacher_id) values (690, 5, 137, 2, 12);
insert into GRADE (id, mark, student_id, subject_id, teacher_id) values (691, 5, 128, 7, 24);
insert into GRADE (id, mark, student_id, subject_id, teacher_id) values (692, 6, 121, 8, 18);
insert into GRADE (id, mark, student_id, subject_id, teacher_id) values (693, 5, 108, 10, 24);
insert into GRADE (id, mark, student_id, subject_id, teacher_id) values (694, 4, 133, 9, 24);
insert into GRADE (id, mark, student_id, subject_id, teacher_id) values (695, 2, 146, 2, 18);
insert into GRADE (id, mark, student_id, subject_id, teacher_id) values (696, 2, 68, 14, 12);
insert into GRADE (id, mark, student_id, subject_id, teacher_id) values (697, 6, 166, 2, 14);
insert into GRADE (id, mark, student_id, subject_id, teacher_id) values (698, 2, 131, 3, 18);
insert into GRADE (id, mark, student_id, subject_id, teacher_id) values (699, 5, 62, 6, 25);
insert into GRADE (id, mark, student_id, subject_id, teacher_id) values (700, 5, 113, 10, 23);
insert into GRADE (id, mark, student_id, subject_id, teacher_id) values (701, 2, 93, 9, 10);
insert into GRADE (id, mark, student_id, subject_id, teacher_id) values (702, 3, 151, 13, 7);
insert into GRADE (id, mark, student_id, subject_id, teacher_id) values (703, 1, 64, 12, 7);
insert into GRADE (id, mark, student_id, subject_id, teacher_id) values (704, 4, 175, 13, 18);
insert into GRADE (id, mark, student_id, subject_id, teacher_id) values (705, 4, 79, 10, 29);
insert into GRADE (id, mark, student_id, subject_id, teacher_id) values (706, 6, 113, 6, 3);
insert into GRADE (id, mark, student_id, subject_id, teacher_id) values (707, 3, 40, 9, 9);
insert into GRADE (id, mark, student_id, subject_id, teacher_id) values (708, 5, 75, 4, 30);
insert into GRADE (id, mark, student_id, subject_id, teacher_id) values (709, 3, 164, 12, 4);
insert into GRADE (id, mark, student_id, subject_id, teacher_id) values (710, 1, 160, 13, 15);
insert into GRADE (id, mark, student_id, subject_id, teacher_id) values (711, 1, 101, 2, 5);
insert into GRADE (id, mark, student_id, subject_id, teacher_id) values (712, 3, 50, 11, 21);
insert into GRADE (id, mark, student_id, subject_id, teacher_id) values (713, 3, 176, 11, 24);
insert into GRADE (id, mark, student_id, subject_id, teacher_id) values (714, 3, 140, 7, 26);
insert into GRADE (id, mark, student_id, subject_id, teacher_id) values (715, 5, 133, 2, 2);
insert into GRADE (id, mark, student_id, subject_id, teacher_id) values (716, 5, 146, 3, 1);
insert into GRADE (id, mark, student_id, subject_id, teacher_id) values (717, 6, 119, 12, 23);
insert into GRADE (id, mark, student_id, subject_id, teacher_id) values (718, 5, 129, 4, 25);
insert into GRADE (id, mark, student_id, subject_id, teacher_id) values (719, 1, 171, 9, 28);
insert into GRADE (id, mark, student_id, subject_id, teacher_id) values (720, 6, 96, 12, 22);
insert into GRADE (id, mark, student_id, subject_id, teacher_id) values (721, 2, 149, 15, 24);
insert into GRADE (id, mark, student_id, subject_id, teacher_id) values (722, 5, 116, 5, 21);
insert into GRADE (id, mark, student_id, subject_id, teacher_id) values (723, 1, 101, 14, 25);
insert into GRADE (id, mark, student_id, subject_id, teacher_id) values (724, 1, 110, 5, 12);
insert into GRADE (id, mark, student_id, subject_id, teacher_id) values (725, 1, 74, 7, 5);
insert into GRADE (id, mark, student_id, subject_id, teacher_id) values (726, 4, 56, 15, 19);
insert into GRADE (id, mark, student_id, subject_id, teacher_id) values (727, 1, 42, 9, 17);
insert into GRADE (id, mark, student_id, subject_id, teacher_id) values (728, 5, 140, 13, 3);
insert into GRADE (id, mark, student_id, subject_id, teacher_id) values (729, 1, 162, 4, 25);
insert into GRADE (id, mark, student_id, subject_id, teacher_id) values (730, 4, 177, 11, 17);
insert into GRADE (id, mark, student_id, subject_id, teacher_id) values (731, 5, 56, 14, 15);
insert into GRADE (id, mark, student_id, subject_id, teacher_id) values (732, 3, 94, 3, 2);
insert into GRADE (id, mark, student_id, subject_id, teacher_id) values (733, 3, 49, 13, 19);
insert into GRADE (id, mark, student_id, subject_id, teacher_id) values (734, 6, 157, 12, 19);
insert into GRADE (id, mark, student_id, subject_id, teacher_id) values (735, 6, 149, 4, 14);
insert into GRADE (id, mark, student_id, subject_id, teacher_id) values (736, 1, 102, 8, 25);
insert into GRADE (id, mark, student_id, subject_id, teacher_id) values (737, 1, 148, 14, 16);
insert into GRADE (id, mark, student_id, subject_id, teacher_id) values (738, 6, 177, 8, 4);
insert into GRADE (id, mark, student_id, subject_id, teacher_id) values (739, 6, 61, 4, 19);
insert into GRADE (id, mark, student_id, subject_id, teacher_id) values (740, 2, 114, 8, 27);
insert into GRADE (id, mark, student_id, subject_id, teacher_id) values (741, 4, 40, 14, 17);
insert into GRADE (id, mark, student_id, subject_id, teacher_id) values (742, 5, 44, 14, 22);
insert into GRADE (id, mark, student_id, subject_id, teacher_id) values (743, 1, 124, 8, 11);
insert into GRADE (id, mark, student_id, subject_id, teacher_id) values (744, 2, 170, 7, 3);
insert into GRADE (id, mark, student_id, subject_id, teacher_id) values (745, 4, 110, 15, 17);
insert into GRADE (id, mark, student_id, subject_id, teacher_id) values (746, 5, 161, 2, 8);
insert into GRADE (id, mark, student_id, subject_id, teacher_id) values (747, 2, 53, 1, 30);
insert into GRADE (id, mark, student_id, subject_id, teacher_id) values (748, 1, 111, 2, 3);
insert into GRADE (id, mark, student_id, subject_id, teacher_id) values (749, 4, 111, 11, 2);
insert into GRADE (id, mark, student_id, subject_id, teacher_id) values (750, 2, 41, 8, 25);
insert into GRADE (id, mark, student_id, subject_id, teacher_id) values (751, 5, 176, 5, 28);
insert into GRADE (id, mark, student_id, subject_id, teacher_id) values (752, 5, 169, 3, 19);
insert into GRADE (id, mark, student_id, subject_id, teacher_id) values (753, 6, 160, 14, 27);
insert into GRADE (id, mark, student_id, subject_id, teacher_id) values (754, 2, 96, 12, 15);
insert into GRADE (id, mark, student_id, subject_id, teacher_id) values (755, 1, 94, 6, 16);
insert into GRADE (id, mark, student_id, subject_id, teacher_id) values (756, 6, 88, 13, 6);
insert into GRADE (id, mark, student_id, subject_id, teacher_id) values (757, 6, 100, 10, 30);
insert into GRADE (id, mark, student_id, subject_id, teacher_id) values (758, 4, 89, 13, 4);
insert into GRADE (id, mark, student_id, subject_id, teacher_id) values (759, 6, 144, 6, 29);
insert into GRADE (id, mark, student_id, subject_id, teacher_id) values (760, 6, 44, 1, 15);
insert into GRADE (id, mark, student_id, subject_id, teacher_id) values (761, 5, 123, 9, 10);
insert into GRADE (id, mark, student_id, subject_id, teacher_id) values (762, 3, 131, 3, 16);
insert into GRADE (id, mark, student_id, subject_id, teacher_id) values (763, 4, 78, 3, 13);
insert into GRADE (id, mark, student_id, subject_id, teacher_id) values (764, 5, 65, 14, 28);
insert into GRADE (id, mark, student_id, subject_id, teacher_id) values (765, 4, 113, 1, 5);
insert into GRADE (id, mark, student_id, subject_id, teacher_id) values (766, 2, 116, 6, 7);
insert into GRADE (id, mark, student_id, subject_id, teacher_id) values (767, 1, 140, 2, 30);
insert into GRADE (id, mark, student_id, subject_id, teacher_id) values (768, 5, 69, 13, 20);
insert into GRADE (id, mark, student_id, subject_id, teacher_id) values (769, 6, 137, 10, 23);
insert into GRADE (id, mark, student_id, subject_id, teacher_id) values (770, 5, 84, 5, 9);
insert into GRADE (id, mark, student_id, subject_id, teacher_id) values (771, 4, 129, 11, 18);
insert into GRADE (id, mark, student_id, subject_id, teacher_id) values (772, 5, 32, 12, 15);
insert into GRADE (id, mark, student_id, subject_id, teacher_id) values (773, 2, 109, 15, 24);
insert into GRADE (id, mark, student_id, subject_id, teacher_id) values (774, 5, 70, 8, 22);
insert into GRADE (id, mark, student_id, subject_id, teacher_id) values (775, 1, 110, 2, 12);
insert into GRADE (id, mark, student_id, subject_id, teacher_id) values (776, 4, 117, 10, 9);
insert into GRADE (id, mark, student_id, subject_id, teacher_id) values (777, 4, 176, 11, 26);
insert into GRADE (id, mark, student_id, subject_id, teacher_id) values (778, 4, 56, 15, 1);
insert into GRADE (id, mark, student_id, subject_id, teacher_id) values (779, 5, 137, 8, 12);
insert into GRADE (id, mark, student_id, subject_id, teacher_id) values (780, 6, 143, 1, 28);
insert into GRADE (id, mark, student_id, subject_id, teacher_id) values (781, 3, 118, 2, 10);
insert into GRADE (id, mark, student_id, subject_id, teacher_id) values (782, 1, 138, 2, 3);
insert into GRADE (id, mark, student_id, subject_id, teacher_id) values (783, 5, 32, 9, 24);
insert into GRADE (id, mark, student_id, subject_id, teacher_id) values (784, 2, 129, 14, 13);
insert into GRADE (id, mark, student_id, subject_id, teacher_id) values (785, 2, 136, 4, 4);
insert into GRADE (id, mark, student_id, subject_id, teacher_id) values (786, 5, 31, 9, 24);
insert into GRADE (id, mark, student_id, subject_id, teacher_id) values (787, 1, 118, 1, 11);
insert into GRADE (id, mark, student_id, subject_id, teacher_id) values (788, 2, 117, 2, 23);
insert into GRADE (id, mark, student_id, subject_id, teacher_id) values (789, 4, 110, 2, 24);
insert into GRADE (id, mark, student_id, subject_id, teacher_id) values (790, 6, 90, 7, 29);
insert into GRADE (id, mark, student_id, subject_id, teacher_id) values (791, 4, 107, 8, 5);
insert into GRADE (id, mark, student_id, subject_id, teacher_id) values (792, 3, 54, 3, 4);
insert into GRADE (id, mark, student_id, subject_id, teacher_id) values (793, 3, 85, 11, 27);
insert into GRADE (id, mark, student_id, subject_id, teacher_id) values (794, 2, 118, 14, 2);
insert into GRADE (id, mark, student_id, subject_id, teacher_id) values (795, 3, 97, 6, 25);
insert into GRADE (id, mark, student_id, subject_id, teacher_id) values (796, 6, 159, 8, 11);
insert into GRADE (id, mark, student_id, subject_id, teacher_id) values (797, 2, 137, 7, 16);
insert into GRADE (id, mark, student_id, subject_id, teacher_id) values (798, 1, 172, 12, 16);
insert into GRADE (id, mark, student_id, subject_id, teacher_id) values (799, 1, 95, 4, 28);
insert into GRADE (id, mark, student_id, subject_id, teacher_id) values (800, 3, 86, 10, 9);
insert into GRADE (id, mark, student_id, subject_id, teacher_id) values (801, 5, 170, 11, 13);
insert into GRADE (id, mark, student_id, subject_id, teacher_id) values (802, 6, 163, 2, 18);
insert into GRADE (id, mark, student_id, subject_id, teacher_id) values (803, 3, 70, 9, 26);
insert into GRADE (id, mark, student_id, subject_id, teacher_id) values (804, 6, 98, 13, 21);
insert into GRADE (id, mark, student_id, subject_id, teacher_id) values (805, 5, 50, 13, 8);
insert into GRADE (id, mark, student_id, subject_id, teacher_id) values (806, 2, 93, 12, 1);
insert into GRADE (id, mark, student_id, subject_id, teacher_id) values (807, 3, 65, 3, 15);
insert into GRADE (id, mark, student_id, subject_id, teacher_id) values (808, 3, 83, 2, 15);
insert into GRADE (id, mark, student_id, subject_id, teacher_id) values (809, 6, 172, 7, 29);
insert into GRADE (id, mark, student_id, subject_id, teacher_id) values (810, 4, 74, 3, 11);
insert into GRADE (id, mark, student_id, subject_id, teacher_id) values (811, 1, 99, 3, 28);
insert into GRADE (id, mark, student_id, subject_id, teacher_id) values (812, 6, 162, 3, 3);
insert into GRADE (id, mark, student_id, subject_id, teacher_id) values (813, 2, 149, 5, 8);
insert into GRADE (id, mark, student_id, subject_id, teacher_id) values (814, 5, 44, 5, 8);
insert into GRADE (id, mark, student_id, subject_id, teacher_id) values (815, 5, 50, 9, 19);
insert into GRADE (id, mark, student_id, subject_id, teacher_id) values (816, 5, 111, 8, 18);
insert into GRADE (id, mark, student_id, subject_id, teacher_id) values (817, 1, 129, 5, 15);
insert into GRADE (id, mark, student_id, subject_id, teacher_id) values (818, 2, 129, 8, 6);
insert into GRADE (id, mark, student_id, subject_id, teacher_id) values (819, 6, 171, 8, 11);
insert into GRADE (id, mark, student_id, subject_id, teacher_id) values (820, 4, 158, 11, 3);
insert into GRADE (id, mark, student_id, subject_id, teacher_id) values (821, 4, 114, 2, 18);
insert into GRADE (id, mark, student_id, subject_id, teacher_id) values (822, 5, 100, 14, 12);
insert into GRADE (id, mark, student_id, subject_id, teacher_id) values (823, 6, 133, 7, 18);
insert into GRADE (id, mark, student_id, subject_id, teacher_id) values (824, 5, 111, 5, 16);
insert into GRADE (id, mark, student_id, subject_id, teacher_id) values (825, 6, 109, 1, 8);
insert into GRADE (id, mark, student_id, subject_id, teacher_id) values (826, 2, 177, 7, 11);
insert into GRADE (id, mark, student_id, subject_id, teacher_id) values (827, 4, 97, 2, 7);
insert into GRADE (id, mark, student_id, subject_id, teacher_id) values (828, 4, 35, 15, 19);
insert into GRADE (id, mark, student_id, subject_id, teacher_id) values (829, 4, 93, 8, 21);
insert into GRADE (id, mark, student_id, subject_id, teacher_id) values (830, 3, 174, 14, 6);
insert into GRADE (id, mark, student_id, subject_id, teacher_id) values (831, 6, 77, 2, 30);
insert into GRADE (id, mark, student_id, subject_id, teacher_id) values (832, 1, 176, 4, 28);
insert into GRADE (id, mark, student_id, subject_id, teacher_id) values (833, 6, 154, 9, 30);
insert into GRADE (id, mark, student_id, subject_id, teacher_id) values (834, 2, 152, 7, 1);
insert into GRADE (id, mark, student_id, subject_id, teacher_id) values (835, 4, 176, 2, 28);
insert into GRADE (id, mark, student_id, subject_id, teacher_id) values (836, 6, 149, 10, 16);
insert into GRADE (id, mark, student_id, subject_id, teacher_id) values (837, 4, 146, 1, 13);
insert into GRADE (id, mark, student_id, subject_id, teacher_id) values (838, 1, 82, 12, 6);
insert into GRADE (id, mark, student_id, subject_id, teacher_id) values (839, 2, 38, 1, 8);
insert into GRADE (id, mark, student_id, subject_id, teacher_id) values (840, 4, 149, 2, 15);
insert into GRADE (id, mark, student_id, subject_id, teacher_id) values (841, 5, 156, 15, 30);
insert into GRADE (id, mark, student_id, subject_id, teacher_id) values (842, 3, 163, 9, 30);
insert into GRADE (id, mark, student_id, subject_id, teacher_id) values (843, 4, 165, 9, 26);
insert into GRADE (id, mark, student_id, subject_id, teacher_id) values (844, 6, 36, 12, 14);
insert into GRADE (id, mark, student_id, subject_id, teacher_id) values (845, 4, 63, 8, 9);
insert into GRADE (id, mark, student_id, subject_id, teacher_id) values (846, 6, 100, 8, 24);
insert into GRADE (id, mark, student_id, subject_id, teacher_id) values (847, 3, 127, 15, 17);
insert into GRADE (id, mark, student_id, subject_id, teacher_id) values (848, 3, 145, 11, 29);
insert into GRADE (id, mark, student_id, subject_id, teacher_id) values (849, 6, 63, 13, 23);
insert into GRADE (id, mark, student_id, subject_id, teacher_id) values (850, 1, 81, 9, 4);
insert into GRADE (id, mark, student_id, subject_id, teacher_id) values (851, 6, 59, 1, 9);
insert into GRADE (id, mark, student_id, subject_id, teacher_id) values (852, 1, 55, 11, 5);
insert into GRADE (id, mark, student_id, subject_id, teacher_id) values (853, 5, 54, 15, 15);
insert into GRADE (id, mark, student_id, subject_id, teacher_id) values (854, 2, 175, 9, 13);
insert into GRADE (id, mark, student_id, subject_id, teacher_id) values (855, 5, 68, 8, 6);
insert into GRADE (id, mark, student_id, subject_id, teacher_id) values (856, 3, 77, 11, 25);
insert into GRADE (id, mark, student_id, subject_id, teacher_id) values (857, 1, 54, 2, 18);
insert into GRADE (id, mark, student_id, subject_id, teacher_id) values (858, 4, 149, 6, 17);
insert into GRADE (id, mark, student_id, subject_id, teacher_id) values (859, 1, 175, 12, 23);
insert into GRADE (id, mark, student_id, subject_id, teacher_id) values (860, 4, 126, 14, 19);
insert into GRADE (id, mark, student_id, subject_id, teacher_id) values (861, 3, 87, 9, 26);
insert into GRADE (id, mark, student_id, subject_id, teacher_id) values (862, 2, 105, 5, 24);
insert into GRADE (id, mark, student_id, subject_id, teacher_id) values (863, 4, 33, 9, 29);
insert into GRADE (id, mark, student_id, subject_id, teacher_id) values (864, 5, 47, 15, 21);
insert into GRADE (id, mark, student_id, subject_id, teacher_id) values (865, 5, 134, 11, 28);
insert into GRADE (id, mark, student_id, subject_id, teacher_id) values (866, 2, 44, 4, 24);
insert into GRADE (id, mark, student_id, subject_id, teacher_id) values (867, 4, 62, 8, 24);
insert into GRADE (id, mark, student_id, subject_id, teacher_id) values (868, 6, 45, 2, 17);
insert into GRADE (id, mark, student_id, subject_id, teacher_id) values (869, 1, 154, 6, 1);
insert into GRADE (id, mark, student_id, subject_id, teacher_id) values (870, 4, 156, 6, 23);
insert into GRADE (id, mark, student_id, subject_id, teacher_id) values (871, 1, 166, 2, 15);
insert into GRADE (id, mark, student_id, subject_id, teacher_id) values (872, 3, 81, 2, 21);
insert into GRADE (id, mark, student_id, subject_id, teacher_id) values (873, 3, 144, 2, 5);
insert into GRADE (id, mark, student_id, subject_id, teacher_id) values (874, 5, 114, 8, 26);
insert into GRADE (id, mark, student_id, subject_id, teacher_id) values (875, 5, 36, 15, 10);
insert into GRADE (id, mark, student_id, subject_id, teacher_id) values (876, 3, 113, 3, 13);
insert into GRADE (id, mark, student_id, subject_id, teacher_id) values (877, 3, 175, 6, 13);
insert into GRADE (id, mark, student_id, subject_id, teacher_id) values (878, 2, 41, 1, 18);
insert into GRADE (id, mark, student_id, subject_id, teacher_id) values (879, 6, 172, 6, 29);
insert into GRADE (id, mark, student_id, subject_id, teacher_id) values (880, 6, 177, 1, 7);
insert into GRADE (id, mark, student_id, subject_id, teacher_id) values (881, 6, 130, 9, 9);
insert into GRADE (id, mark, student_id, subject_id, teacher_id) values (882, 6, 123, 1, 16);
insert into GRADE (id, mark, student_id, subject_id, teacher_id) values (883, 3, 32, 9, 7);
insert into GRADE (id, mark, student_id, subject_id, teacher_id) values (884, 3, 158, 12, 11);
insert into GRADE (id, mark, student_id, subject_id, teacher_id) values (885, 3, 167, 4, 21);
insert into GRADE (id, mark, student_id, subject_id, teacher_id) values (886, 4, 174, 9, 3);
insert into GRADE (id, mark, student_id, subject_id, teacher_id) values (887, 1, 134, 3, 23);
insert into GRADE (id, mark, student_id, subject_id, teacher_id) values (888, 4, 55, 15, 7);
insert into GRADE (id, mark, student_id, subject_id, teacher_id) values (889, 5, 63, 5, 5);
insert into GRADE (id, mark, student_id, subject_id, teacher_id) values (890, 6, 31, 15, 27);
insert into GRADE (id, mark, student_id, subject_id, teacher_id) values (891, 1, 130, 2, 24);
insert into GRADE (id, mark, student_id, subject_id, teacher_id) values (892, 2, 153, 12, 17);
insert into GRADE (id, mark, student_id, subject_id, teacher_id) values (893, 3, 73, 1, 21);
insert into GRADE (id, mark, student_id, subject_id, teacher_id) values (894, 5, 87, 1, 15);
insert into GRADE (id, mark, student_id, subject_id, teacher_id) values (895, 4, 36, 9, 23);
insert into GRADE (id, mark, student_id, subject_id, teacher_id) values (896, 4, 128, 8, 27);
insert into GRADE (id, mark, student_id, subject_id, teacher_id) values (897, 4, 109, 1, 14);
insert into GRADE (id, mark, student_id, subject_id, teacher_id) values (898, 5, 152, 15, 23);
insert into GRADE (id, mark, student_id, subject_id, teacher_id) values (899, 3, 81, 12, 13);
insert into GRADE (id, mark, student_id, subject_id, teacher_id) values (900, 5, 42, 6, 19);
insert into GRADE (id, mark, student_id, subject_id, teacher_id) values (901, 6, 33, 1, 15);
insert into GRADE (id, mark, student_id, subject_id, teacher_id) values (902, 3, 170, 12, 20);
insert into GRADE (id, mark, student_id, subject_id, teacher_id) values (903, 2, 118, 1, 16);
insert into GRADE (id, mark, student_id, subject_id, teacher_id) values (904, 5, 123, 10, 2);
insert into GRADE (id, mark, student_id, subject_id, teacher_id) values (905, 1, 100, 5, 24);
insert into GRADE (id, mark, student_id, subject_id, teacher_id) values (906, 1, 153, 5, 13);
insert into GRADE (id, mark, student_id, subject_id, teacher_id) values (907, 1, 104, 9, 7);
insert into GRADE (id, mark, student_id, subject_id, teacher_id) values (908, 2, 147, 6, 6);
insert into GRADE (id, mark, student_id, subject_id, teacher_id) values (909, 1, 98, 9, 10);
insert into GRADE (id, mark, student_id, subject_id, teacher_id) values (910, 5, 101, 1, 29);
insert into GRADE (id, mark, student_id, subject_id, teacher_id) values (911, 4, 171, 3, 28);
insert into GRADE (id, mark, student_id, subject_id, teacher_id) values (912, 2, 130, 10, 13);
insert into GRADE (id, mark, student_id, subject_id, teacher_id) values (913, 6, 88, 14, 15);
insert into GRADE (id, mark, student_id, subject_id, teacher_id) values (914, 1, 36, 12, 3);
insert into GRADE (id, mark, student_id, subject_id, teacher_id) values (915, 4, 138, 8, 15);
insert into GRADE (id, mark, student_id, subject_id, teacher_id) values (916, 5, 134, 3, 19);
insert into GRADE (id, mark, student_id, subject_id, teacher_id) values (917, 3, 72, 14, 4);
insert into GRADE (id, mark, student_id, subject_id, teacher_id) values (918, 3, 163, 15, 10);
insert into GRADE (id, mark, student_id, subject_id, teacher_id) values (919, 6, 55, 3, 28);
insert into GRADE (id, mark, student_id, subject_id, teacher_id) values (920, 2, 82, 13, 6);
insert into GRADE (id, mark, student_id, subject_id, teacher_id) values (921, 4, 64, 11, 8);
insert into GRADE (id, mark, student_id, subject_id, teacher_id) values (922, 2, 80, 14, 30);
insert into GRADE (id, mark, student_id, subject_id, teacher_id) values (923, 1, 38, 11, 30);
insert into GRADE (id, mark, student_id, subject_id, teacher_id) values (924, 6, 42, 9, 3);
insert into GRADE (id, mark, student_id, subject_id, teacher_id) values (925, 5, 44, 7, 19);
insert into GRADE (id, mark, student_id, subject_id, teacher_id) values (926, 4, 69, 1, 25);
insert into GRADE (id, mark, student_id, subject_id, teacher_id) values (927, 4, 135, 6, 20);
insert into GRADE (id, mark, student_id, subject_id, teacher_id) values (928, 4, 44, 5, 12);
insert into GRADE (id, mark, student_id, subject_id, teacher_id) values (929, 3, 96, 1, 2);
insert into GRADE (id, mark, student_id, subject_id, teacher_id) values (930, 6, 131, 13, 17);
insert into GRADE (id, mark, student_id, subject_id, teacher_id) values (931, 2, 99, 7, 25);
insert into GRADE (id, mark, student_id, subject_id, teacher_id) values (932, 6, 122, 10, 23);
insert into GRADE (id, mark, student_id, subject_id, teacher_id) values (933, 4, 91, 1, 15);
insert into GRADE (id, mark, student_id, subject_id, teacher_id) values (934, 4, 116, 8, 20);
insert into GRADE (id, mark, student_id, subject_id, teacher_id) values (935, 3, 128, 3, 14);
insert into GRADE (id, mark, student_id, subject_id, teacher_id) values (936, 5, 121, 8, 15);
insert into GRADE (id, mark, student_id, subject_id, teacher_id) values (937, 3, 38, 4, 20);
insert into GRADE (id, mark, student_id, subject_id, teacher_id) values (938, 5, 164, 6, 7);
insert into GRADE (id, mark, student_id, subject_id, teacher_id) values (939, 5, 137, 15, 22);
insert into GRADE (id, mark, student_id, subject_id, teacher_id) values (940, 6, 118, 5, 2);
insert into GRADE (id, mark, student_id, subject_id, teacher_id) values (941, 2, 73, 14, 4);
insert into GRADE (id, mark, student_id, subject_id, teacher_id) values (942, 5, 87, 11, 1);
insert into GRADE (id, mark, student_id, subject_id, teacher_id) values (943, 5, 155, 15, 16);
insert into GRADE (id, mark, student_id, subject_id, teacher_id) values (944, 5, 82, 10, 23);
insert into GRADE (id, mark, student_id, subject_id, teacher_id) values (945, 5, 53, 7, 29);
insert into GRADE (id, mark, student_id, subject_id, teacher_id) values (946, 3, 160, 8, 2);
insert into GRADE (id, mark, student_id, subject_id, teacher_id) values (947, 3, 100, 1, 18);
insert into GRADE (id, mark, student_id, subject_id, teacher_id) values (948, 2, 136, 3, 8);
insert into GRADE (id, mark, student_id, subject_id, teacher_id) values (949, 2, 45, 3, 15);
insert into GRADE (id, mark, student_id, subject_id, teacher_id) values (950, 4, 83, 6, 7);
insert into GRADE (id, mark, student_id, subject_id, teacher_id) values (951, 2, 154, 9, 11);
insert into GRADE (id, mark, student_id, subject_id, teacher_id) values (952, 6, 95, 6, 4);
insert into GRADE (id, mark, student_id, subject_id, teacher_id) values (953, 4, 68, 7, 25);
insert into GRADE (id, mark, student_id, subject_id, teacher_id) values (954, 1, 99, 10, 17);
insert into GRADE (id, mark, student_id, subject_id, teacher_id) values (955, 2, 43, 10, 14);
insert into GRADE (id, mark, student_id, subject_id, teacher_id) values (956, 4, 42, 5, 30);
insert into GRADE (id, mark, student_id, subject_id, teacher_id) values (957, 1, 55, 10, 11);
insert into GRADE (id, mark, student_id, subject_id, teacher_id) values (958, 5, 149, 10, 8);
insert into GRADE (id, mark, student_id, subject_id, teacher_id) values (959, 4, 167, 8, 23);
insert into GRADE (id, mark, student_id, subject_id, teacher_id) values (960, 3, 65, 14, 24);
insert into GRADE (id, mark, student_id, subject_id, teacher_id) values (961, 1, 94, 4, 14);
insert into GRADE (id, mark, student_id, subject_id, teacher_id) values (962, 6, 122, 12, 30);
insert into GRADE (id, mark, student_id, subject_id, teacher_id) values (963, 6, 83, 8, 9);
insert into GRADE (id, mark, student_id, subject_id, teacher_id) values (964, 4, 104, 14, 29);
insert into GRADE (id, mark, student_id, subject_id, teacher_id) values (965, 3, 164, 11, 23);
insert into GRADE (id, mark, student_id, subject_id, teacher_id) values (966, 3, 85, 13, 24);
insert into GRADE (id, mark, student_id, subject_id, teacher_id) values (967, 2, 117, 6, 14);
insert into GRADE (id, mark, student_id, subject_id, teacher_id) values (968, 2, 43, 6, 16);
insert into GRADE (id, mark, student_id, subject_id, teacher_id) values (969, 1, 127, 11, 3);
insert into GRADE (id, mark, student_id, subject_id, teacher_id) values (970, 5, 139, 1, 12);
insert into GRADE (id, mark, student_id, subject_id, teacher_id) values (971, 5, 151, 8, 28);
insert into GRADE (id, mark, student_id, subject_id, teacher_id) values (972, 2, 46, 1, 6);
insert into GRADE (id, mark, student_id, subject_id, teacher_id) values (973, 3, 127, 14, 11);
insert into GRADE (id, mark, student_id, subject_id, teacher_id) values (974, 4, 170, 5, 13);
insert into GRADE (id, mark, student_id, subject_id, teacher_id) values (975, 4, 136, 6, 14);
insert into GRADE (id, mark, student_id, subject_id, teacher_id) values (976, 2, 50, 6, 27);
insert into GRADE (id, mark, student_id, subject_id, teacher_id) values (977, 6, 165, 15, 8);
insert into GRADE (id, mark, student_id, subject_id, teacher_id) values (978, 2, 88, 12, 27);
insert into GRADE (id, mark, student_id, subject_id, teacher_id) values (979, 5, 31, 3, 26);
insert into GRADE (id, mark, student_id, subject_id, teacher_id) values (980, 4, 80, 8, 7);
insert into GRADE (id, mark, student_id, subject_id, teacher_id) values (981, 4, 51, 15, 30);
insert into GRADE (id, mark, student_id, subject_id, teacher_id) values (982, 3, 52, 12, 21);
insert into GRADE (id, mark, student_id, subject_id, teacher_id) values (983, 2, 158, 7, 17);
insert into GRADE (id, mark, student_id, subject_id, teacher_id) values (984, 3, 47, 9, 3);
insert into GRADE (id, mark, student_id, subject_id, teacher_id) values (985, 3, 85, 4, 10);
insert into GRADE (id, mark, student_id, subject_id, teacher_id) values (986, 4, 131, 12, 21);
insert into GRADE (id, mark, student_id, subject_id, teacher_id) values (987, 2, 74, 14, 28);
insert into GRADE (id, mark, student_id, subject_id, teacher_id) values (988, 3, 146, 15, 3);
insert into GRADE (id, mark, student_id, subject_id, teacher_id) values (989, 4, 65, 4, 2);
insert into GRADE (id, mark, student_id, subject_id, teacher_id) values (990, 5, 48, 13, 23);
insert into GRADE (id, mark, student_id, subject_id, teacher_id) values (991, 4, 43, 11, 1);
insert into GRADE (id, mark, student_id, subject_id, teacher_id) values (992, 4, 96, 8, 26);
insert into GRADE (id, mark, student_id, subject_id, teacher_id) values (993, 1, 66, 8, 29);
insert into GRADE (id, mark, student_id, subject_id, teacher_id) values (994, 1, 104, 7, 6);
insert into GRADE (id, mark, student_id, subject_id, teacher_id) values (995, 2, 98, 15, 30);
insert into GRADE (id, mark, student_id, subject_id, teacher_id) values (996, 6, 74, 4, 25);
insert into GRADE (id, mark, student_id, subject_id, teacher_id) values (997, 2, 134, 4, 4);
insert into GRADE (id, mark, student_id, subject_id, teacher_id) values (998, 6, 39, 3, 24);
insert into GRADE (id, mark, student_id, subject_id, teacher_id) values (999, 1, 65, 2, 24);
insert into GRADE (id, mark, student_id, subject_id, teacher_id) values (1000, 1, 74, 15, 1);


insert into TEACHER_SUBJECT (teachers_id, subjects_id) values (1, 2);
insert into TEACHER_SUBJECT (teachers_id, subjects_id) values (2, 3);
insert into TEACHER_SUBJECT (teachers_id, subjects_id) values (3, 4);
insert into TEACHER_SUBJECT (teachers_id, subjects_id) values (3, 5);
insert into TEACHER_SUBJECT (teachers_id, subjects_id) values (3, 1);
insert into TEACHER_SUBJECT (teachers_id, subjects_id) values (3, 2);
insert into TEACHER_SUBJECT (teachers_id, subjects_id) values (4, 5);
insert into TEACHER_SUBJECT (teachers_id, subjects_id) values (5, 6);
insert into TEACHER_SUBJECT (teachers_id, subjects_id) values (6, 7);
insert into TEACHER_SUBJECT (teachers_id, subjects_id) values (7, 8);
insert into TEACHER_SUBJECT (teachers_id, subjects_id) values (8, 9);
insert into TEACHER_SUBJECT (teachers_id, subjects_id) values (9, 10);
insert into TEACHER_SUBJECT (teachers_id, subjects_id) values (10, 11);
insert into TEACHER_SUBJECT (teachers_id, subjects_id) values (11, 12);
insert into TEACHER_SUBJECT (teachers_id, subjects_id) values (12, 13);
insert into TEACHER_SUBJECT (teachers_id, subjects_id) values (13, 14);
insert into TEACHER_SUBJECT (teachers_id, subjects_id) values (14, 15);
insert into TEACHER_SUBJECT (teachers_id, subjects_id) values (15, 1);
insert into TEACHER_SUBJECT (teachers_id, subjects_id) values (16, 2);
insert into TEACHER_SUBJECT (teachers_id, subjects_id) values (17, 3);
insert into TEACHER_SUBJECT (teachers_id, subjects_id) values (18, 4);
insert into TEACHER_SUBJECT (teachers_id, subjects_id) values (19, 5);
insert into TEACHER_SUBJECT (teachers_id, subjects_id) values (20, 6);
insert into TEACHER_SUBJECT (teachers_id, subjects_id) values (21, 7);
insert into TEACHER_SUBJECT (teachers_id, subjects_id) values (22, 8);
insert into TEACHER_SUBJECT (teachers_id, subjects_id) values (23, 9);
insert into TEACHER_SUBJECT (teachers_id, subjects_id) values (24, 10);
insert into TEACHER_SUBJECT (teachers_id, subjects_id) values (25, 11);
insert into TEACHER_SUBJECT (teachers_id, subjects_id) values (26, 12);
insert into TEACHER_SUBJECT (teachers_id, subjects_id) values (27, 13);
insert into TEACHER_SUBJECT (teachers_id, subjects_id) values (28, 14);
insert into TEACHER_SUBJECT (teachers_id, subjects_id) values (29, 15);
insert into TEACHER_SUBJECT (teachers_id, subjects_id) values (30, 1);
insert into SUBJECT_SCHOOLCLASS (classes_id, subjects_id) values (1, 1);
insert into SUBJECT_SCHOOLCLASS (classes_id, subjects_id) values (1, 2);
insert into SUBJECT_SCHOOLCLASS (classes_id, subjects_id) values (1, 3);
insert into SUBJECT_SCHOOLCLASS (classes_id, subjects_id) values (1, 4);
insert into SUBJECT_SCHOOLCLASS (classes_id, subjects_id) values (1, 5);
insert into SUBJECT_SCHOOLCLASS (classes_id, subjects_id) values (1, 6);
insert into SUBJECT_SCHOOLCLASS (classes_id, subjects_id) values (1, 7);
insert into SUBJECT_SCHOOLCLASS (classes_id, subjects_id) values (1, 8);
insert into SUBJECT_SCHOOLCLASS (classes_id, subjects_id) values (1, 9);
insert into SUBJECT_SCHOOLCLASS (classes_id, subjects_id) values (1, 10);
insert into SUBJECT_SCHOOLCLASS (classes_id, subjects_id) values (1, 11);
insert into SUBJECT_SCHOOLCLASS (classes_id, subjects_id) values (1, 12);
insert into SUBJECT_SCHOOLCLASS (classes_id, subjects_id) values (1, 13);
insert into SUBJECT_SCHOOLCLASS (classes_id, subjects_id) values (1, 14);
insert into SUBJECT_SCHOOLCLASS (classes_id, subjects_id) values (1, 15);
insert into SUBJECT_SCHOOLCLASS (classes_id, subjects_id) values (2, 1);
insert into SUBJECT_SCHOOLCLASS (classes_id, subjects_id) values (2, 2);
insert into SUBJECT_SCHOOLCLASS (classes_id, subjects_id) values (2, 3);
insert into SUBJECT_SCHOOLCLASS (classes_id, subjects_id) values (2, 4);
insert into SUBJECT_SCHOOLCLASS (classes_id, subjects_id) values (2, 5);
insert into SUBJECT_SCHOOLCLASS (classes_id, subjects_id) values (2, 6);
insert into SUBJECT_SCHOOLCLASS (classes_id, subjects_id) values (2, 7);
insert into SUBJECT_SCHOOLCLASS (classes_id, subjects_id) values (2, 8);
insert into SUBJECT_SCHOOLCLASS (classes_id, subjects_id) values (2, 9);
insert into SUBJECT_SCHOOLCLASS (classes_id, subjects_id) values (2, 10);
insert into SUBJECT_SCHOOLCLASS (classes_id, subjects_id) values (2, 11);
insert into SUBJECT_SCHOOLCLASS (classes_id, subjects_id) values (2, 12);
insert into SUBJECT_SCHOOLCLASS (classes_id, subjects_id) values (2, 13);
insert into SUBJECT_SCHOOLCLASS (classes_id, subjects_id) values (2, 14);
insert into SUBJECT_SCHOOLCLASS (classes_id, subjects_id) values (2, 15);
insert into SUBJECT_SCHOOLCLASS (classes_id, subjects_id) values (3, 1);
insert into SUBJECT_SCHOOLCLASS (classes_id, subjects_id) values (3, 2);
insert into SUBJECT_SCHOOLCLASS (classes_id, subjects_id) values (3, 3);
insert into SUBJECT_SCHOOLCLASS (classes_id, subjects_id) values (3, 4);
insert into SUBJECT_SCHOOLCLASS (classes_id, subjects_id) values (3, 5);
insert into SUBJECT_SCHOOLCLASS (classes_id, subjects_id) values (3, 6);
insert into SUBJECT_SCHOOLCLASS (classes_id, subjects_id) values (3, 7);
insert into SUBJECT_SCHOOLCLASS (classes_id, subjects_id) values (3, 8);
insert into SUBJECT_SCHOOLCLASS (classes_id, subjects_id) values (3, 9);
insert into SUBJECT_SCHOOLCLASS (classes_id, subjects_id) values (3, 10);
insert into SUBJECT_SCHOOLCLASS (classes_id, subjects_id) values (3, 11);
insert into SUBJECT_SCHOOLCLASS (classes_id, subjects_id) values (3, 12);
insert into SUBJECT_SCHOOLCLASS (classes_id, subjects_id) values (3, 13);
insert into SUBJECT_SCHOOLCLASS (classes_id, subjects_id) values (3, 14);
insert into SUBJECT_SCHOOLCLASS (classes_id, subjects_id) values (3, 15);
insert into SUBJECT_SCHOOLCLASS (classes_id, subjects_id) values (4, 1);
insert into SUBJECT_SCHOOLCLASS (classes_id, subjects_id) values (4, 2);
insert into SUBJECT_SCHOOLCLASS (classes_id, subjects_id) values (4, 3);
insert into SUBJECT_SCHOOLCLASS (classes_id, subjects_id) values (4, 4);
insert into SUBJECT_SCHOOLCLASS (classes_id, subjects_id) values (4, 5);
insert into SUBJECT_SCHOOLCLASS (classes_id, subjects_id) values (4, 6);
insert into SUBJECT_SCHOOLCLASS (classes_id, subjects_id) values (4, 7);
insert into SUBJECT_SCHOOLCLASS (classes_id, subjects_id) values (4, 8);
insert into SUBJECT_SCHOOLCLASS (classes_id, subjects_id) values (4, 9);
insert into SUBJECT_SCHOOLCLASS (classes_id, subjects_id) values (4, 10);
insert into SUBJECT_SCHOOLCLASS (classes_id, subjects_id) values (4, 11);
insert into SUBJECT_SCHOOLCLASS (classes_id, subjects_id) values (4, 12);
insert into SUBJECT_SCHOOLCLASS (classes_id, subjects_id) values (4, 13);
insert into SUBJECT_SCHOOLCLASS (classes_id, subjects_id) values (4, 14);
insert into SUBJECT_SCHOOLCLASS (classes_id, subjects_id) values (4, 15);
insert into SUBJECT_SCHOOLCLASS (classes_id, subjects_id) values (5, 1);
insert into SUBJECT_SCHOOLCLASS (classes_id, subjects_id) values (5, 2);
insert into SUBJECT_SCHOOLCLASS (classes_id, subjects_id) values (5, 3);
insert into SUBJECT_SCHOOLCLASS (classes_id, subjects_id) values (5, 4);
insert into SUBJECT_SCHOOLCLASS (classes_id, subjects_id) values (5, 5);
insert into SUBJECT_SCHOOLCLASS (classes_id, subjects_id) values (5, 6);
insert into SUBJECT_SCHOOLCLASS (classes_id, subjects_id) values (5, 7);
insert into SUBJECT_SCHOOLCLASS (classes_id, subjects_id) values (5, 8);
insert into SUBJECT_SCHOOLCLASS (classes_id, subjects_id) values (5, 9);
insert into SUBJECT_SCHOOLCLASS (classes_id, subjects_id) values (5, 10);
insert into SUBJECT_SCHOOLCLASS (classes_id, subjects_id) values (5, 11);
insert into SUBJECT_SCHOOLCLASS (classes_id, subjects_id) values (5, 12);
insert into SUBJECT_SCHOOLCLASS (classes_id, subjects_id) values (5, 13);
insert into SUBJECT_SCHOOLCLASS (classes_id, subjects_id) values (5, 14);
insert into SUBJECT_SCHOOLCLASS (classes_id, subjects_id) values (5, 15);
insert into SUBJECT_SCHOOLCLASS (classes_id, subjects_id) values (6, 1);
insert into SUBJECT_SCHOOLCLASS (classes_id, subjects_id) values (6, 2);
insert into SUBJECT_SCHOOLCLASS (classes_id, subjects_id) values (6, 3);
insert into SUBJECT_SCHOOLCLASS (classes_id, subjects_id) values (6, 4);
insert into SUBJECT_SCHOOLCLASS (classes_id, subjects_id) values (6, 5);
insert into SUBJECT_SCHOOLCLASS (classes_id, subjects_id) values (6, 6);
insert into SUBJECT_SCHOOLCLASS (classes_id, subjects_id) values (6, 7);
insert into SUBJECT_SCHOOLCLASS (classes_id, subjects_id) values (6, 8);
insert into SUBJECT_SCHOOLCLASS (classes_id, subjects_id) values (6, 9);
insert into SUBJECT_SCHOOLCLASS (classes_id, subjects_id) values (6, 10);
insert into SUBJECT_SCHOOLCLASS (classes_id, subjects_id) values (6, 11);
insert into SUBJECT_SCHOOLCLASS (classes_id, subjects_id) values (6, 12);
insert into SUBJECT_SCHOOLCLASS (classes_id, subjects_id) values (6, 13);
insert into SUBJECT_SCHOOLCLASS (classes_id, subjects_id) values (6, 14);
insert into SUBJECT_SCHOOLCLASS (classes_id, subjects_id) values (6, 15);
insert into SUBJECT_SCHOOLCLASS (classes_id, subjects_id) values (7, 1);
insert into SUBJECT_SCHOOLCLASS (classes_id, subjects_id) values (7, 2);
insert into SUBJECT_SCHOOLCLASS (classes_id, subjects_id) values (7, 3);
insert into SUBJECT_SCHOOLCLASS (classes_id, subjects_id) values (7, 4);
insert into SUBJECT_SCHOOLCLASS (classes_id, subjects_id) values (7, 5);
insert into SUBJECT_SCHOOLCLASS (classes_id, subjects_id) values (7, 6);
insert into SUBJECT_SCHOOLCLASS (classes_id, subjects_id) values (7, 7);
insert into SUBJECT_SCHOOLCLASS (classes_id, subjects_id) values (7, 8);
insert into SUBJECT_SCHOOLCLASS (classes_id, subjects_id) values (7, 9);
insert into SUBJECT_SCHOOLCLASS (classes_id, subjects_id) values (7, 10);
insert into SUBJECT_SCHOOLCLASS (classes_id, subjects_id) values (7, 11);
insert into SUBJECT_SCHOOLCLASS (classes_id, subjects_id) values (7, 12);
insert into SUBJECT_SCHOOLCLASS (classes_id, subjects_id) values (7, 13);
insert into SUBJECT_SCHOOLCLASS (classes_id, subjects_id) values (7, 14);
insert into SUBJECT_SCHOOLCLASS (classes_id, subjects_id) values (7, 15);
insert into SUBJECT_SCHOOLCLASS (classes_id, subjects_id) values (8, 1);
insert into SUBJECT_SCHOOLCLASS (classes_id, subjects_id) values (8, 2);
insert into SUBJECT_SCHOOLCLASS (classes_id, subjects_id) values (8, 3);
insert into SUBJECT_SCHOOLCLASS (classes_id, subjects_id) values (8, 4);
insert into SUBJECT_SCHOOLCLASS (classes_id, subjects_id) values (8, 5);
insert into SUBJECT_SCHOOLCLASS (classes_id, subjects_id) values (8, 6);
insert into SUBJECT_SCHOOLCLASS (classes_id, subjects_id) values (8, 7);
insert into SUBJECT_SCHOOLCLASS (classes_id, subjects_id) values (8, 8);
insert into SUBJECT_SCHOOLCLASS (classes_id, subjects_id) values (8, 9);
insert into SUBJECT_SCHOOLCLASS (classes_id, subjects_id) values (8, 10);
insert into SUBJECT_SCHOOLCLASS (classes_id, subjects_id) values (8, 11);
insert into SUBJECT_SCHOOLCLASS (classes_id, subjects_id) values (8, 12);
insert into SUBJECT_SCHOOLCLASS (classes_id, subjects_id) values (8, 13);
insert into SUBJECT_SCHOOLCLASS (classes_id, subjects_id) values (8, 14);
insert into SUBJECT_SCHOOLCLASS (classes_id, subjects_id) values (8, 15);
insert into SUBJECT_SCHOOLCLASS (classes_id, subjects_id) values (9, 1);
insert into SUBJECT_SCHOOLCLASS (classes_id, subjects_id) values (9, 2);
insert into SUBJECT_SCHOOLCLASS (classes_id, subjects_id) values (9, 3);
insert into SUBJECT_SCHOOLCLASS (classes_id, subjects_id) values (9, 4);
insert into SUBJECT_SCHOOLCLASS (classes_id, subjects_id) values (9, 5);
insert into SUBJECT_SCHOOLCLASS (classes_id, subjects_id) values (9, 6);
insert into SUBJECT_SCHOOLCLASS (classes_id, subjects_id) values (9, 7);
insert into SUBJECT_SCHOOLCLASS (classes_id, subjects_id) values (9, 8);
insert into SUBJECT_SCHOOLCLASS (classes_id, subjects_id) values (9, 9);
insert into SUBJECT_SCHOOLCLASS (classes_id, subjects_id) values (9, 10);
insert into SUBJECT_SCHOOLCLASS (classes_id, subjects_id) values (9, 11);
insert into SUBJECT_SCHOOLCLASS (classes_id, subjects_id) values (9, 12);
insert into SUBJECT_SCHOOLCLASS (classes_id, subjects_id) values (9, 13);
insert into SUBJECT_SCHOOLCLASS (classes_id, subjects_id) values (9, 14);
insert into SUBJECT_SCHOOLCLASS (classes_id, subjects_id) values (9, 15);
insert into SUBJECT_SCHOOLCLASS (classes_id, subjects_id) values (10, 1);
insert into SUBJECT_SCHOOLCLASS (classes_id, subjects_id) values (10, 2);
insert into SUBJECT_SCHOOLCLASS (classes_id, subjects_id) values (10, 3);
insert into SUBJECT_SCHOOLCLASS (classes_id, subjects_id) values (10, 4);
insert into SUBJECT_SCHOOLCLASS (classes_id, subjects_id) values (10, 5);
insert into SUBJECT_SCHOOLCLASS (classes_id, subjects_id) values (10, 6);
insert into SUBJECT_SCHOOLCLASS (classes_id, subjects_id) values (10, 7);
insert into SUBJECT_SCHOOLCLASS (classes_id, subjects_id) values (10, 8);
insert into SUBJECT_SCHOOLCLASS (classes_id, subjects_id) values (10, 9);
insert into SUBJECT_SCHOOLCLASS (classes_id, subjects_id) values (10, 10);
insert into SUBJECT_SCHOOLCLASS (classes_id, subjects_id) values (10, 11);
insert into SUBJECT_SCHOOLCLASS (classes_id, subjects_id) values (10, 12);
insert into SUBJECT_SCHOOLCLASS (classes_id, subjects_id) values (10, 13);
insert into SUBJECT_SCHOOLCLASS (classes_id, subjects_id) values (10, 14);
insert into SUBJECT_SCHOOLCLASS (classes_id, subjects_id) values (10, 15);

